"Ahmed Amwell","""$20M Showroom + $5.5M Mansion - What's REALLY Going On”","","2026-07-05","youtube","Ahmed.Amwell","2026-07-05","https://www.youtube.com/watch?v=OwI_ukpqV3I"
"Ahmed Amwell","The $5 Million Decision… Hypercar shopping at Goodwood!","","2026-07-26","youtube","Ahmed.Amwell","2026-07-26","https://www.youtube.com/watch?v=8cuClZGY_HA"
"Ahmed Amwell","⁠UK Police Seized My Lamborghini Urus! 😳","","2026-07-19","youtube","Ahmed.Amwell","2026-07-19","https://www.youtube.com/watch?v=3TaHO-MT6cw"
"Ahmed Amwell","WHAT DID I JUST BUY IN LEBANON?! 🇱🇧","","2026-08-02","youtube","Ahmed.Amwell","2026-08-02","https://www.youtube.com/watch?v=MiTPzuCxgco"
"Ahmed Amwell","WHAT HAPPENED WHILE I WAS GONE?! 😳","","2026-08-10","youtube","Ahmed.Amwell","2026-08-10","https://www.youtube.com/watch?v=ACwsoGwlIho"
"Alex Evagora","#ditl #dayinthelife #dayinthelifevlog #vlog #london","","2026-08-12","tiktok","alex_evagora","2026-08-12","https://www.tiktok.com/@alex_evagora/video/7673076525138218262"
"Alex Evagora","#ditl #dayinthelife #vlog #dayinthelifevlog #london","","2026-08-11","instagram","areteyachts","2026-08-11","https://www.instagram.com/p/Db6Ez8vxwNr/"
"Alex Evagora","#hadleywood #luxury #realestate #realtor #arsenal #football #soccer #luxuryaf #superprime #trustedadvisor #property #lux","","2020-09-08","tiktok","alex_evagora","2020-09-08","https://www.tiktok.com/@alex_evagora/video/6869850657420053765"
"Alex Evagora","#realestatecareers #yachtingcareers #yachtbroker #aviation #realestate","","2026-07-30","tiktok","alex_evagora","2026-07-30","https://www.tiktok.com/@alex_evagora/video/7668381178461785366"
"Alex Evagora","£15M House in North London #superprime #luxury #luxuryliving #luxurylifestyle #ceo #millionaire #billionaire #realtor #r","","2020-11-30","tiktok","alex_evagora","2020-11-30","https://www.tiktok.com/@alex_evagora/video/6900984228121414914"
"Alex Evagora","50 MILLION DIRHAM VILLA ON PALM JUMEIRAH! #dubai #dubaihomes #villa #mansion #beachfrontproperty #dubailuxury #ultraluxu","","2023-12-09","tiktok","alex_evagora","2023-12-09","https://www.tiktok.com/@alex_evagora/video/7310484328876625185"
"Alex Evagora","Chartering a yacht through @areteyachts is simple.","","2026-07-17","instagram","areteyachts","2026-07-17","https://www.instagram.com/p/Da5sdppNPDE/"
"Alex Evagora","Chartering a yacht with Arete & Co is simple 👌🏽 #yachtcharter #yachti...","","2026-07-20","tiktok","alex_evagora","2026-07-20","https://www.tiktok.com/@alex_evagora/video/7664639960573578518"
"Alex Evagora","Don’t over complicate it #realestate #property #propertyinvestment #s...","","2026-07-23","tiktok","alex_evagora","2026-07-23","https://www.tiktok.com/@alex_evagora/video/7665623879104171286"
"Alex Evagora","In the USA, UAE, Canada, Australia - brokers have been earning commission ONLY for years, and it works.  IMO “estate …","","2026-07-30","instagram","areteyachts","2026-07-30","https://www.instagram.com/p/DbbLT1px-Gm/"
"Alex Evagora","London is so lucky #london #londonlife #londonhotspots #londontown #londoncity","","2026-08-04","tiktok","alex_evagora","2026-08-04","https://www.tiktok.com/@alex_evagora/video/7670226290946870550"
"Alex Evagora","More visibility. More access. More demand 📈📈 #privatejet #yachtcharte...","","2026-07-29","tiktok","alex_evagora","2026-07-29","https://www.tiktok.com/@alex_evagora/video/7667924418638662934"
"Alex Evagora","No such thing as work/life balance when you love what you do #worklif...","","2026-07-20","tiktok","alex_evagora","2026-07-20","https://www.tiktok.com/@alex_evagora/video/7664682633225391382"
"Alex Evagora","Serendipity | €5,950,000","","2026-05-26","instagram","areteyachts","2026-05-26","https://www.instagram.com/p/DYz9POVIv9d/"
"Alex Evagora","The formula π","","2026-07-31","instagram","areteyachts","2026-07-31","https://www.instagram.com/p/DbdtZpEscOx/"
"Alex Evagora","The mission #careers #realestatecareers #yachtingcareers #aviationcar...","","2026-07-24","tiktok","alex_evagora","2026-07-24","https://www.tiktok.com/@alex_evagora/video/7666136874397732118"
"Alex Evagora","The mission","","2026-07-24","instagram","areteyachts","2026-07-24","https://www.instagram.com/p/DbLr_LTMRUR/"
"Alex Evagora","Why sellers need a sole agent in London!! #realestate #superprime #lo...","","2026-07-23","tiktok","alex_evagora","2026-07-23","https://www.tiktok.com/@alex_evagora/video/7665437623917399299"
"Ameerh Naran","”How Did You Make Your First Million Dollars?”  - Q&A with Ameerh Naran","Q&A with Ameerh Naran","2026-07-13","youtube","AmeerhNaran","2026-07-13","https://www.youtube.com/watch?v=Thb0T6wDIQM"
"Ameerh Naran","#koenigsegg #jesko #jeskoattack","","2026-07-13","instagram","ameerhnaran","2026-07-13","https://www.instagram.com/p/DavltGBqXtO/"
"Ameerh Naran","24 Hours With My Koenigsegg Jesko & Hypercars At Goodwood","24 Hours With My Koenigsegg Jesko & Hypercars At Goodwood Estate rally","2026-06-29","youtube","AmeerhNaran","2026-06-29","https://www.youtube.com/watch?v=084bfhP1bNg"
"Ameerh Naran","7 Days With Baby White Tigers, A Pagani, & A GT3 Race","Ameerh goes from the African bush (Zimbabwe) to the Barcelona circuit, and somehow fits a Pagani in between.","2026-06-07","youtube","AmeerhNaran","2026-06-07","https://www.youtube.com/watch?v=CumWcSjMoAM"
"Ameerh Naran","7 Days: Racing at Imola, Goodwood w/ Pagani & St Tropez","","2026-08-16","youtube","AmeerhNaran","2026-08-16","https://www.youtube.com/watch?v=AkYzyC3zTF4"
"Ameerh Naran","A 20+ Koenigsegg Hypercar Rally - The 2025 Koenigsegg Ghost Tour","","2025-06-15","youtube","AmeerhNaran","2025-06-15","https://www.youtube.com/watch?v=riXOCdL-BFw"
"Ameerh Naran","A Day In The Life Of A Hypercar Owner","","2025-09-28","youtube","AmeerhNaran","2025-09-28","https://www.youtube.com/watch?v=CD2UGsbWpIo"
"Ameerh Naran","A rolling stone gathers no moss.","","2026-07-19","tiktok","ameerhnaran","2026-07-19","https://www.tiktok.com/@ameerhnaran/video/7664283689454554390"
"Ameerh Naran","A rolling stone gathers no moss.","Ameerh sharing advice about business","2026-07-17","instagram","ameerhnaran","2026-07-17","https://www.instagram.com/p/Da3wc9Pq4v0/"
"Ameerh Naran","A Week In My Life In Dubai","","2026-03-18","youtube","AmeerhNaran","2026-03-18","https://www.youtube.com/watch?v=3lzGX3BpV68"
"Ameerh Naran","A week in my life.","","2026-06-03","youtube_shorts","AmeerhNaran","2026-06-03","https://www.youtube.com/watch?v=ZWWuHKrFcO8"
"Ameerh Naran","A week in my life.","A week in Ameerh's life","2026-06-03","instagram","ameerhnaran","2026-06-03","https://www.instagram.com/p/DZGjeN8Kp3_/"
"Ameerh Naran","Being able to walk away from a negotiation puts you in a strong position.","","2026-08-24","instagram","ameerhnaran","2026-08-24","https://www.instagram.com/p/Dcbk29XqT6Z/"
"Ameerh Naran","BLEH","","2026-07-21","instagram","ameerhnaran","2026-07-21","https://www.instagram.com/p/DbCOH6UqoDO/"
"Ameerh Naran","Come With Me To Buy My Pagani Utopia","","2026-01-18","youtube","AmeerhNaran","2026-01-18","https://www.youtube.com/watch?v=SBD9CFfLSuI"
"Ameerh Naran","Confidence vs Arrogance","","2026-05-22","youtube_shorts","AmeerhNaran","2026-05-22","https://www.youtube.com/watch?v=EYzWQXDEm9U"
"Ameerh Naran","Do what you have to do, so that you can do what you want to do.","","2026-07-27","instagram","ameerhnaran","2026-07-27","https://www.instagram.com/p/DbRJob-KLsY/"
"Ameerh Naran","Do what you have to do, so that you can do what you want to do.","Do what you have to do, so that you can do what you want to do.","2026-07-28","tiktok","ameerhnaran","2026-07-28","https://www.tiktok.com/@ameerhnaran/video/7667289233647865110"
"Ameerh Naran","Driving hypercars like they’re meant to be.","Ameerh talking about driving a sports car","2026-07-20","tiktok","ameerhnaran","2026-07-20","https://www.tiktok.com/@ameerhnaran/video/7664674493197012246"
"Ameerh Naran","Driving My Pagani Huayra Roadster BC For The First Time","","2026-02-24","youtube","AmeerhNaran","2026-02-24","https://www.youtube.com/watch?v=c-AKQoMBCc0"
"Ameerh Naran","Driving the Pagani Huayra Roadster BC & McLaren SLR in the Swiss Alps","Driving the Pagani Huayra Roadster BC & McLaren SLR in the Swiss Alps","2026-07-27","youtube","AmeerhNaran","2026-07-27","https://www.youtube.com/watch?v=OcT01xFp8wM"
"Ameerh Naran","Ferrari F50 vs Maserati MC12 - Which One Would You Choose?","","2025-11-17","youtube","AmeerhNaran","2025-11-17","https://www.youtube.com/watch?v=MRVl1xdsoXs"
"Ameerh Naran","Finding a solution when things go wrong is what buys trust and loyalty.","","2026-08-06","instagram","ameerhnaran","2026-08-06","https://www.instagram.com/p/Dbq6bFiqeec/"
"Ameerh Naran","For those who are grateful the universe bring more to be grateful for.","","2026-08-02","instagram","ameerhnaran","2026-08-02","https://www.instagram.com/p/DbieOreqp94/"
"Ameerh Naran","For those who are grateful the universe bring more to be grateful for.","","2026-08-03","tiktok","ameerhnaran","2026-08-03","https://www.tiktok.com/@ameerhnaran/video/7669870696755055875"
"Ameerh Naran","Having a partner who believes in you","","2026-07-13","youtube_shorts","AmeerhNaran","2026-07-13","https://www.youtube.com/watch?v=yrwtt5SpqCU"
"Ameerh Naran","Having interesting stories and experiences in life is a benefit in business.","Ameerh talking about how you should keep challenging yourself","2026-07-23","instagram","ameerhnaran","2026-07-23","https://www.instagram.com/p/DbJT3aOq-d5/"
"Ameerh Naran","How I Built a Private Jet Business From Nothing","","2025-08-11","youtube","AmeerhNaran","2025-08-11","https://www.youtube.com/watch?v=OA2KzXXNu94"
"Ameerh Naran","How to deal with pressure","","2026-06-23","youtube_shorts","AmeerhNaran","2026-06-23","https://www.youtube.com/watch?v=JlrE_oHiI7g"
"Ameerh Naran","How To Time Travel Using A Private Jet","","2025-10-21","youtube","AmeerhNaran","2025-10-21","https://www.youtube.com/watch?v=6PDlXTO6Q1M"
"Ameerh Naran","I knew what I wanted from life from a young age.","Ameerh talking about how you should keep challenging yourself","2026-07-24","tiktok","ameerhnaran","2026-07-24","https://www.tiktok.com/@ameerhnaran/video/7666153432994073878"
"Ameerh Naran","I Spent 24 Hours In Turkey's Most Private Resort","","2025-11-26","youtube","AmeerhNaran","2025-11-26","https://www.youtube.com/watch?v=chIxIYfVNXo"
"Ameerh Naran","I Spent 7 Days in Zimbabwe And This Happened","","2025-12-21","youtube","AmeerhNaran","2025-12-21","https://www.youtube.com/watch?v=S9pQruz5ipE"
"Ameerh Naran","I try to minimise the number of decisions I make by eating the same meals, staying in the same hotels and travelling …","","2026-08-09","instagram","ameerhnaran","2026-08-09","https://www.instagram.com/p/Db03BEdo_tB/"
"Ameerh Naran","I try to minimise the number of decisions I make by eating the same meals, staying in the same hotels and travelling wit","","2026-08-10","tiktok","ameerhnaran","2026-08-10","https://www.tiktok.com/@ameerhnaran/video/7672123764343180566"
"Ameerh Naran","I've driven this car at 400kmh several times","","2026-07-24","youtube_shorts","AmeerhNaran","2026-07-24","https://www.youtube.com/watch?v=SfmkLv9GNa8"
"Ameerh Naran","Is it beneficial to be single when starting out as an entrepreneur?","","2026-07-08","instagram","ameerhnaran","2026-07-08","https://www.instagram.com/p/DagQyF6qy7K/"
"Ameerh Naran","Is it beneficial to be single when starting out as an entrepreneur?","Ameerh talking about the importance of having the right partner; someone who believes in you","2026-08-05","tiktok","ameerhnaran","2026-08-05","https://www.tiktok.com/@ameerhnaran/video/7670605872531295510"
"Ameerh Naran","My businesses share the same customer base.","","2026-01-07","instagram","ameerhnaran","2026-01-07","https://www.instagram.com/p/DTNw4HGjhCY/"
"Ameerh Naran","My Koenigsegg Jesko.","Ameerh's experience with koenigsegg","2026-07-14","tiktok","ameerhnaran","2026-07-14","https://www.tiktok.com/@ameerhnaran/video/7662092815165443350"
"Ameerh Naran","Naran customers.","","2026-07-29","instagram","ameerhnaran","2026-07-29","https://www.instagram.com/p/DbYwzAcqY5-/"
"Ameerh Naran","Naran customers.","Ameerh talking about how he deals with Naran customers","2026-07-30","tiktok","ameerhnaran","2026-07-30","https://www.tiktok.com/@ameerhnaran/video/7668369999957888278"
"Ameerh Naran","Pierre Emerick Aubameyang Reviews the Naran Hypercar!","","2025-05-09","youtube","AmeerhNaran","2025-05-09","https://www.youtube.com/watch?v=1uBvlg0woQY"
"Ameerh Naran","Putting The Naran Power Train To The Test","","2025-07-14","youtube","AmeerhNaran","2025-07-14","https://www.youtube.com/watch?v=U2pkNLZDeFs"
"Ameerh Naran","Setting Goals","","2026-07-24","youtube_shorts","AmeerhNaran","2026-07-24","https://www.youtube.com/watch?v=apN0kG33olM"
"Ameerh Naran","Showing Dizzee Rascal The Naran Hypercar","","2025-07-02","youtube","AmeerhNaran","2025-07-02","https://www.youtube.com/watch?v=TE8rjk31Y7U"
"Ameerh Naran","Speaking on Entrepreneurship","","2026-07-31","youtube_shorts","AmeerhNaran","2026-07-31","https://www.youtube.com/watch?v=X4uMutR7TfY"
"Ameerh Naran","Spending 24 Hours With AP Dhillon","","2026-04-27","youtube","AmeerhNaran","2026-04-27","https://www.youtube.com/watch?v=qrTNumv5U5o"
"Ameerh Naran","Starting From 0","","2026-07-28","youtube_shorts","AmeerhNaran","2026-07-28","https://www.youtube.com/watch?v=5tHGpWV9_9A"
"Ameerh Naran","The art of negotiation  #automobile #london  #business","","2026-08-03","youtube_shorts","AmeerhNaran","2026-08-03","https://www.youtube.com/watch?v=Ro-febV1A1Q"
"Ameerh Naran","The biggest competitive advantage nobody talks about","","2026-08-06","youtube_shorts","AmeerhNaran","2026-08-06","https://www.youtube.com/watch?v=UwNUjPvrxr8"
"Ameerh Naran","The Most Insane Hypercars At Goodwood!","","2025-07-31","youtube","AmeerhNaran","2025-07-31","https://www.youtube.com/watch?v=pdcf_yD2u2Q"
"Ameerh Naran","The right mindset.","Ameerh talking about the importance of having the right mindset","2026-07-03","instagram","ameerhnaran","2026-07-03","https://www.instagram.com/p/DaV1fp6KI-W/"
"Ameerh Naran","The Road to Le Mans","","2026-06-29","youtube_shorts","AmeerhNaran","2026-06-29","https://www.youtube.com/watch?v=1U48x8nYG2U"
"Ameerh Naran","The Struggle That Forged My Entrepreneurial Empire","","2025-09-02","youtube","AmeerhNaran","2025-09-02","https://www.youtube.com/watch?v=-0Q2mEIYrtQ"
"Ameerh Naran","The Truth No One Tells You About Aston Martin","","2025-10-12","youtube","AmeerhNaran","2025-10-12","https://www.youtube.com/watch?v=1IwDtZQvcEQ"
"Ameerh Naran","The value of privacy.","Ameerh talks about being discreet about your ideas and success, until you have it.","2026-07-01","tiktok","ameerhnaran","2026-07-01","https://www.tiktok.com/@ameerhnaran/video/7657266141462596886"
"Ameerh Naran","There’s no time like now.","Ameerh talking about practicing for the Le Mans race","2026-06-23","tiktok","ameerhnaran","2026-06-23","https://www.tiktok.com/@ameerhnaran/video/7654660452261104918"
"Ameerh Naran","Things Ameerh has learnt in business","","2026-07-16","youtube_shorts","AmeerhNaran","2026-07-16","https://www.youtube.com/watch?v=BhhszGJCvG4"
"Ameerh Naran","This is a day in my life, launching my own hypercar.","","2025-03-23","instagram","ameerhnaran","2025-03-23","https://www.instagram.com/p/DHjKoIyiLaQ/"
"Ameerh Naran","Trust compounds over time.","","2026-08-11","tiktok","ameerhnaran","2026-08-11","https://www.tiktok.com/@ameerhnaran/video/7672767889048390934"
"Ameerh Naran","Untitled","","2026-08-26","instagram","ameerhnaran","2026-08-26","https://www.instagram.com/p/Dcgd-JPqFnZ/"
"Ameerh Naran","What actually makes me happy","","2026-08-03","youtube_shorts","AmeerhNaran","2026-08-03","https://www.youtube.com/watch?v=AGattsTic18"
"Ameerh Naran","What Happens When You Drive a Koenigsegg Jesko in London?","","2026-08-30","youtube","AmeerhNaran","2026-08-30","https://www.youtube.com/watch?v=IFp82Ev3JDw"
"Ameerh Naran","What It Takes To Be A Racing Driver","","2025-05-26","youtube","AmeerhNaran","2025-05-26","https://www.youtube.com/watch?v=sfZ40u_uFdo"
"Ameerh Naran","When the Vimana dream became reality","","2026-08-27","youtube_shorts","AmeerhNaran","2026-08-27","https://www.youtube.com/watch?v=0ZEOkKHVZSk"
"Ameerh Naran","Why charter over flying first class.","","2026-08-17","instagram","ameerhnaran","2026-08-17","https://www.instagram.com/p/DcJkjByqpGz/"
"Ameerh Naran","Why I travel so much","","2026-05-28","youtube_shorts","AmeerhNaran","2026-05-28","https://www.youtube.com/watch?v=GQva_SKE-fs"
"Ameerh Naran","Why I want to win Le Mans","","2026-05-26","youtube_shorts","AmeerhNaran","2026-05-26","https://www.youtube.com/watch?v=hhIFaEOyTCI"
"Ameerh Naran","Why successful businesses obsess over systems","","2026-08-14","youtube_shorts","AmeerhNaran","2026-08-14","https://www.youtube.com/watch?v=aEBxEmp7GI8"
"Ameerh Naran","Why successful people value certainty","","2026-08-12","youtube_shorts","AmeerhNaran","2026-08-12","https://www.youtube.com/watch?v=vjbXIZp_kVM"
"Ameerh Naran","Why Time Has Become My Most Valuable Asset","","2026-06-12","youtube_shorts","AmeerhNaran","2026-06-12","https://www.youtube.com/watch?v=-WfGeHhZBH8"
"Delfinomayfair","A little Q&A with our favourite owner ❤️","","2026-04-28","instagram","delfinomayfair","2026-04-28","https://www.instagram.com/p/DXrviZLDcfm/"
"Delfinomayfair","Feels like summer ☀️🍤🐟","","2026-06-15","instagram","delfinomayfair","2026-06-15","https://www.instagram.com/p/DZna-n9x3Cw/"
"Delfinomayfair","How did we start the month?","","2026-05-14","instagram","delfinomayfair","2026-05-14","https://www.instagram.com/p/DYVA5HkhCJK/"
"Delfinomayfair","Journey back in time with us as we explore the rich history of Delfino, the iconic Mayfair gem serving up authentic I…","","2024-08-16","instagram","delfinomayfair","2024-08-16","https://www.instagram.com/p/C-vEawII-I9/"
"Delfinomayfair","Lights on, camera, action! Get ready for a dining experience that steals the spotlight. Delfino Mayfair culinary crea…","","2023-08-11","instagram","delfinomayfair","2023-08-11","https://www.instagram.com/p/CvzUDbLI0WA/"
"Delfinomayfair","Meet the rest of our team 🧑‍🍳👨‍🍳","","2026-05-17","instagram","delfinomayfair","2026-05-17","https://www.instagram.com/p/DYctAVRBzsO/"
"Delfinomayfair","Meet the team ❤️","","2026-04-10","instagram","delfinomayfair","2026-04-10","https://www.instagram.com/p/DW9X4j6DSTy/"
"Delfinomayfair","New plates have arrived. 🍽️ Riccardo talks you through what’s new—and...","","2026-07-27","tiktok","delfinomayfairlnd","2026-07-27","https://www.tiktok.com/@delfinomayfairlnd/video/7667267214826933526"
"Delfinomayfair","New plates have arrived. 🍽️","","2026-07-27","instagram","delfinomayfair","2026-07-27","https://www.instagram.com/p/DbTird7N1wK/"
"Delfinomayfair","Our team knows best ❤️","","2026-04-20","instagram","delfinomayfair","2026-04-20","https://www.instagram.com/p/DXXNEP0jYOE/"
"Delfinomayfair","Single but make it fine dining 🍷","","2026-08-05","instagram","delfinomayfair","2026-08-05","https://www.instagram.com/p/DbqrPFDtDiN/"
"Delfinomayfair","The last slice… 🍕 Not today. ✋","","2026-04-15","instagram","delfinomayfair","2026-04-15","https://www.instagram.com/p/DXKVW2UjZsz/"
"Delfinomayfair","We can no longer stay silent about what happens when the box closes 🤐...","","2026-07-22","tiktok","delfinomayfairlnd","2026-07-22","https://www.tiktok.com/@delfinomayfairlnd/video/7665410252841569558"
"Delfinomayfair","We can no longer stay silent about what happens when the box closes 🤐🍕Visit us to taste the evidence.","","2026-07-22","instagram","delfinomayfair","2026-07-22","https://www.instagram.com/p/DbGr0V4RRM2/"
"Entree Bakery and Cafe","A ‘customer’ told us to stop serving people and start serving dogs...Turns out that request was made by one of our ve…","Skit with Leo the Dog","2026-06-15","instagram","entree_london","2026-06-15","https://www.instagram.com/p/DZk8DJ1o3JZ/"
"Entree Bakery and Cafe","A good croissant leaves a little trail behind😉 That’s how you know it...","Skit about how croissants leave a lot of crumbs","2026-07-30","tiktok","entree_london","2026-07-30","https://www.tiktok.com/@entree_london/video/7668043256013376790"
"Entree Bakery and Cafe","At Entree, we lead by example. We care for our team and make sure eve...","","2026-07-20","tiktok","entree_london","2026-07-20","https://www.tiktok.com/@entree_london/video/7664686877869493526"
"Entree Bakery and Cafe","At Entree, we lead by example. We care for our team and make sure every customer leaves happy through great service a…","","2026-07-20","instagram","entree_london","2026-07-20","https://www.instagram.com/p/DbBoEJGIW3v/"
"Entree Bakery and Cafe","Attention all bakeries... Respectfully, your time is up.😅 We're comin...","","2026-07-09","tiktok","entree_london","2026-07-09","https://www.tiktok.com/@entree_london/video/7660250475261889814"
"Entree Bakery and Cafe","Attention all bakeries...","Skit: Sandro threatening other bakeries in London","2026-07-09","instagram","entree_london","2026-07-09","https://www.instagram.com/p/Dai14aioPww/"
"Entree Bakery and Cafe","Don't worry we'll just find you a new one!🫣🤣#bakery #newboyfriend #lo...","","2026-07-16","tiktok","entree_london","2026-07-16","https://www.tiktok.com/@entree_london/video/7663201857191447810"
"Entree Bakery and Cafe","Don’t worry we’ll just find you a new one!🫣🤣#bakery #newboyfriend #london #pastries #entree","","2026-07-16","instagram","entree_london","2026-07-16","https://www.instagram.com/p/Da3VMXiIHYD/"
"Entree Bakery and Cafe","Have you ever tried Georgian wine? 🍷🇬🇪 If not, now’s your chance. We’ve got a selection of unique Georgian wines f…","Georgia first started making wine 8,000 years ago","2026-07-23","instagram","entree_london","2026-07-23","https://www.instagram.com/p/DbG5edkxkum/"
"Entree Bakery and Cafe","Meet the Khachapuri: the heart of our Georgian bakery and our #1 bestseller!","About Entree's bestseller, the Khachapuri pie","2026-05-14","tiktok","entree_london","2026-05-14","https://www.tiktok.com/@entree_london/video/7639485552147942659"
"Entree Bakery and Cafe","No one could disagree with this!😅 ","Short funny reel","2026-06-07","tiktok","entree_london","2026-06-07","https://www.tiktok.com/@entree_london/video/7648396853075070230"
"Entree Bakery and Cafe","Not sure what to order? We’ve got you 🥐","","2026-08-27","instagram","entree_london","2026-08-27","https://www.instagram.com/p/Dcg6hxwRtUf/"
"Entree Bakery and Cafe","One of our managers lied on his CV. 😂 Thankfully, he worked a lot har...","","2026-07-01","tiktok","entree_london","2026-07-01","https://www.tiktok.com/@entree_london/video/7657282599060049174"
"Entree Bakery and Cafe","One of our managers lied on his CV. 😂","Introducing the manager at Entree Notting Hill","2026-07-01","instagram","entree_london","2026-07-01","https://www.instagram.com/p/DaOP61CIDSw/"
"Entree Bakery and Cafe","Sandro absolutely smashed this one! 👏🥐 He had a little trouble with the last one, but we’ll let him off because he …","","2026-08-11","instagram","entree_london","2026-08-11","https://www.instagram.com/p/Db3tvd6xIY3/"
"Entree Bakery and Cafe","Sandro absolutely smashed this one! 👏🥐 He had a little trouble with the last one, but we’ll let him off because he did","","2026-08-10","tiktok","entree_london","2026-08-10","https://www.tiktok.com/@entree_london/video/7672478866908269856"
"Entree Bakery and Cafe","Sandro shows you around a few of our London locations!","","2026-04-17","instagram","entree_london","2026-04-17","https://www.instagram.com/p/DXNQ5yUCNnf/"
"Entree Bakery and Cafe","Sergio doesn’t love the camera… but he keeps everything else running ...","","2026-07-12","tiktok","entree_london","2026-07-12","https://www.tiktok.com/@entree_london/video/7661703364559867158"
"Entree Bakery and Cafe","Sergio doesn’t love the camera… but he keeps everything else running 🔧😅","","2026-07-12","instagram","entree_london","2026-07-12","https://www.instagram.com/p/Das7dqaqgea/"
"Entree Bakery and Cafe","Surviving having some of the best pastries in London. 😮‍💨 Everyone wa...","","2026-07-25","tiktok","entree_london","2026-07-25","https://www.tiktok.com/@entree_london/video/7666189215939480854"
"Entree Bakery and Cafe","Surviving having some of the best pastries in London. 😮‍💨","Skit about Entree being such a big success because of Sandro","2026-07-25","instagram","entree_london","2026-07-25","https://www.instagram.com/p/DbMDEOgxjYG/"
"Entree Bakery and Cafe","The reason I sit in my own cafe like a spy!","","2026-04-24","instagram","entree_london","2026-04-24","https://www.instagram.com/p/DXfQ7YNCIs7/"
"Entree Bakery and Cafe","The reason I sit in my own cafe like a spy!","","2026-04-24","tiktok","entree_london","2026-04-24","https://www.tiktok.com/@entree_london/video/7632065014727232790"
"Entree Bakery and Cafe","The secret way to enjoy our matcha cake 🍵❄️","How Entree makes their matcha cake","2026-07-31","instagram","entree_london","2026-07-31","https://www.instagram.com/p/DbbfYxsIoUC/"
"Entree Bakery and Cafe","The secret way to enjoy our matcha cake 🍵❄️","How Entree makes their matcha cake","2026-07-31","tiktok","entree_london","2026-07-31","https://www.tiktok.com/@entree_london/video/7668413045957233942"
"Entree Bakery and Cafe","The things we do for content 😂","","2026-08-01","instagram","entree_london","2026-08-01","https://www.instagram.com/p/DbeEH0FIBrd/"
"Entree Bakery and Cafe","The things we do for content 😂","","2026-08-01","tiktok","entree_london","2026-08-01","https://www.tiktok.com/@entree_london/video/7668783709713108246"
"Entree Bakery and Cafe","Today, WE TURN 5! What started as a dream in 2019 became a reality wh...","","2026-07-05","tiktok","entree_london","2026-07-05","https://www.tiktok.com/@entree_london/video/7659059557120920854"
"Entree Bakery and Cafe","Today, WE TURN 5!","Entree's origin story","2026-07-05","instagram","entree_london","2026-07-05","https://www.instagram.com/p/DaalAPQISDj/"
"Entree Bakery and Cafe","We'll listen, we'll deliver, and we'll always put your needs first 💚 ...","","2026-07-15","tiktok","entree_london","2026-07-15","https://www.tiktok.com/@entree_london/video/7662461096787266838"
"Entree Bakery and Cafe","We’ll listen, we’ll deliver, and we’ll always put your needs first 💚 Consider this your healthiest relationship yet …","Entree treats you better than your boyfriend","2026-07-15","instagram","entree_london","2026-07-15","https://www.instagram.com/p/DayL0MBo8gQ/"
"Entree Bakery and Cafe","When your nose says yes but your humans say absolutely not😂🐶🥐","","2026-08-22","instagram","entree_london","2026-08-22","https://www.instagram.com/p/DcUJXkPxZb2/"
"Entree Bakery and Cafe","Will AI be able to replace bakers?!👨🏻‍🍳","","2026-08-14","instagram","entree_london","2026-08-14","https://www.instagram.com/p/DcCAcRfo-9V/"
"Euro Eyes London (LEC)","👁️ Kopfschmerzen, verschwommenes Sehen oder trockene Augen? Zeit für einen Augencheck. ✨","","2026-08-29","youtube_shorts","EuroEyesUK","2026-08-29","https://www.youtube.com/watch?v=FKrawNcWzmc"
"Euro Eyes London (LEC)","👋✨Janet Evans @mayorofkensingtonandchelsea has officially said goodbye to her glasses.","","2026-09-02","youtube_shorts","EuroEyesUK","2026-09-02","https://www.youtube.com/watch?v=BRIDMjlZiW8"
"Euro Eyes London (LEC)","50-60? Ditch reading glasses. Book your FREE lens consultation via our bio. 👓✨","","2026-07-09","youtube_shorts","EuroEyesUK","2026-07-09","https://www.youtube.com/watch?v=n6BUGXSVFXc"
"Euro Eyes London (LEC)","50+ and struggling to read your phone? It may be presbyopia. Book your free consult ✨👁️","","2026-05-29","youtube_shorts","EuroEyesUK","2026-05-29","https://www.youtube.com/watch?v=SbMAOzKRzEo"
"Euro Eyes London (LEC)","A 30-sec ICL: what it is, how it works, why patients love it. Book consult via our bio.","","2026-06-24","youtube_shorts","EuroEyesUK","2026-06-24","https://www.youtube.com/watch?v=CL-gk6sAMSg"
"Euro Eyes London (LEC)","A closer look at ICL surgery. 👁️","","2026-08-03","instagram","euroeyesuk","2026-08-03","https://www.instagram.com/p/DblBXWlilms/"
"Euro Eyes London (LEC)","A closer look at ICL surgery. 👁️","","2026-08-03","tiktok","laser.eye.clinic","2026-08-03","https://www.tiktok.com/@laser.eye.clinic/video/7669785879187131670"
"Euro Eyes London (LEC)","A day in the life of Dr. Fadi, our Chief Surgeon. Book your consultation at euroeyes.co.uk.","","2024-11-03","youtube","EuroEyesUK","2024-11-03","https://www.youtube.com/watch?v=KoVUYTR68i8"
"Euro Eyes London (LEC)","An 8K TV is pointless if you can't see it clearly 👁️ Book your consultation today 🔗","","2026-06-26","youtube_shorts","EuroEyesUK","2026-06-26","https://www.youtube.com/watch?v=TCmcDmXDuMM"
"Euro Eyes London (LEC)","An 8K TV is pointless if your eyes can’t see the detail 📺Upgrade your vision, not just your screen, book your consul…","","2026-06-26","instagram","euroeyesuk","2026-06-26","https://www.instagram.com/p/DaDTFDKDYtO/"
"Euro Eyes London (LEC)","Are you between 50 and 60 and tired of reading glasses or contact len...","","2026-07-09","tiktok","laser.eye.clinic","2026-07-09","https://www.tiktok.com/@laser.eye.clinic/video/7660523628055874838"
"Euro Eyes London (LEC)","Are you between 50 and 60 and tired of reading glasses or contact lenses? 👓👁️","","2026-07-09","instagram","euroeyesuk","2026-07-09","https://www.instagram.com/p/DakyGV7ihGV/"
"Euro Eyes London (LEC)","Behind the scenes of a full surgery day ready to imagine life without glasses? ✨","","2026-05-26","youtube_shorts","EuroEyesUK","2026-05-26","https://www.youtube.com/watch?v=_d34-zE5jr8"
"Euro Eyes London (LEC)","Can you get laser eye surgery again even if you've had it before? Book a consultation- lec-london.uk","","2025-01-06","youtube","EuroEyesUK","2025-01-06","https://www.youtube.com/watch?v=B_ZaReRni3E"
"Euro Eyes London (LEC)","Catch the eye in the center of the circle and screenshot it to reveal your treatment discount.✨👀","","2026-05-28","youtube_shorts","EuroEyesUK","2026-05-28","https://www.youtube.com/watch?v=oeKaObIOpZM"
"Euro Eyes London (LEC)","Christmas Jumper Day at the clinic! Book your consultation today at euroeyes.co.uk","","2024-12-24","youtube","EuroEyesUK","2024-12-24","https://www.youtube.com/watch?v=f3zB7EOV_O0"
"Euro Eyes London (LEC)","Clear vision at every distance 👁️ Learn how trifocal lenses can help.","","2026-07-29","youtube_shorts","EuroEyesUK","2026-07-29","https://www.youtube.com/watch?v=K5l9x4qV_gE"
"Euro Eyes London (LEC)","Denied laser treatment? Discover your options at EuroEyes. Book your consultation at euroeyes.co.uk.","","2024-11-27","youtube","EuroEyesUK","2024-11-27","https://www.youtube.com/watch?v=bxi5ETkYpcY"
"Euro Eyes London (LEC)","Did you know that long-term contact lens wear can carry a higher cumu...","","2026-07-24","tiktok","laser.eye.clinic","2026-07-24","https://www.tiktok.com/@laser.eye.clinic/video/7666038626106608918"
"Euro Eyes London (LEC)","Did you know that long-term contact lens wear can carry a higher cumulative risk than laser vision correction?","","2026-07-24","instagram","euroeyesuk","2026-07-24","https://www.instagram.com/p/DbLukwWj6bv/"
"Euro Eyes London (LEC)","Discover an innovative alternative to laser correction. Book your consultation at euroeyes.co.uk.","","2024-11-12","youtube","EuroEyesUK","2024-11-12","https://www.youtube.com/watch?v=mD57ddAqHVs"
"Euro Eyes London (LEC)","Discover Euroeyes London","","2024-10-18","youtube","EuroEyesUK","2024-10-18","https://www.youtube.com/watch?v=fcTmXi1R0oU"
"Euro Eyes London (LEC)","Discover how laser surgery can treat presbyopia. Book your consultation at euroeyes.co.uk.","","2024-10-18","youtube","EuroEyesUK","2024-10-18","https://www.youtube.com/watch?v=rLUlqoVEjB8"
"Euro Eyes London (LEC)","Discover life-changing treatment options today. Book your consultation at euroeyes.co.uk.","","2024-11-06","youtube","EuroEyesUK","2024-11-06","https://www.youtube.com/watch?v=dlL2ip-RiFI"
"Euro Eyes London (LEC)","Dr Fadi, our Chief Surgeon, answers your questions! Book your consultation at euroeyes.co.uk.","","2024-10-24","youtube","EuroEyesUK","2024-10-24","https://www.youtube.com/watch?v=FohmWPuGNLE"
"Euro Eyes London (LEC)","Dr. Fadi answers your TikTok & Instagram questions, keep them coming. 👁️✨","","2026-06-05","youtube_shorts","EuroEyesUK","2026-06-05","https://www.youtube.com/watch?v=2yJA4UPpJ4g"
"Euro Eyes London (LEC)","Dr. Fadi responds to your most asked TikTok and Instagram questions pt.2. Keep them coming. 👁️Book a consultation vi…","","2026-07-03","instagram","euroeyesuk","2026-07-03","https://www.instagram.com/p/DaUo8b0An6y/"
"Euro Eyes London (LEC)","Dr. Fadi responds to your most asked TikTok and Instagram questions. ...","","2026-07-03","tiktok","laser.eye.clinic","2026-07-03","https://www.tiktok.com/@laser.eye.clinic/video/7658201859269627158"
"Euro Eyes London (LEC)","Dr. Fadi responds to your most asked TikTok and Instagram questions. Keep them coming. 👁️✨","","2026-07-11","youtube_shorts","EuroEyesUK","2026-07-11","https://www.youtube.com/watch?v=069XI20UGdw"
"Euro Eyes London (LEC)","Dr. Fadi's Interview","","2025-02-07","youtube","EuroEyesUK","2025-02-07","https://www.youtube.com/watch?v=aDrHdSKgt0k"
"Euro Eyes London (LEC)","Dr. JJ explains PRESBYOND laser vision correction. Book your consultation at euroeyes.co.uk!","","2025-01-27","youtube","EuroEyesUK","2025-01-27","https://www.youtube.com/watch?v=VtuwsE16ziM"
"Euro Eyes London (LEC)","Dr. JJ shows you the doctors’ area at our London clinic! Book your consultation at euroeyes.co.uk.","","2024-11-30","youtube","EuroEyesUK","2024-11-30","https://www.youtube.com/watch?v=HoKlO_lENsM"
"Euro Eyes London (LEC)","Dr. JJ tours the state-of-the-art operating room. Book your consultation at euroeyes.co.uk.","","2024-12-01","youtube","EuroEyesUK","2024-12-01","https://www.youtube.com/watch?v=2nmpDrfa9A4"
"Euro Eyes London (LEC)","Dr. JJ welcomes you to our London clinic on Brompton Road. Book your consultation at euroeyes.co.uk.","","2024-11-29","youtube","EuroEyesUK","2024-11-29","https://www.youtube.com/watch?v=Xc1vpASPFcE"
"Euro Eyes London (LEC)","Dr. Jørgensen explains the difference between trifocal and EDOF lenses.","","2025-02-02","youtube","EuroEyesUK","2025-02-02","https://www.youtube.com/watch?v=BIa8_YqqUCE"
"Euro Eyes London (LEC)","Euroeyes SMILE vs LASIK","","2024-10-18","youtube","EuroEyesUK","2024-10-18","https://www.youtube.com/watch?v=u_v5Efh3y2c"
"Euro Eyes London (LEC)","Ever wonder if trifocals and multifocals are the same? In the world o...","","2026-07-22","tiktok","laser.eye.clinic","2026-07-22","https://www.tiktok.com/@laser.eye.clinic/video/7665261758617013526"
"Euro Eyes London (LEC)","Ever wonder if trifocals and multifocals are the same? In the world of vision correction, they are! These advanced le…","","2026-07-22","instagram","euroeyesuk","2026-07-22","https://www.instagram.com/p/DbFoPd9CaKA/"
"Euro Eyes London (LEC)","Ever wondered what happens if you sneeze during laser eye surgery? 👀","","2026-08-21","instagram","euroeyesuk","2026-08-21","https://www.instagram.com/p/DcTxli-Dcki/"
"Euro Eyes London (LEC)","Find out which vision correction option is right for you. Book your consultation at euroeyes.co.uk.","","2024-11-19","youtube","EuroEyesUK","2024-11-19","https://www.youtube.com/watch?v=_3XOaAvsWN4"
"Euro Eyes London (LEC)","Follow Veranika, our Vice President, through her busy day! Book your consultation at euroeyes.co.uk.","","2024-12-09","youtube","EuroEyesUK","2024-12-09","https://www.youtube.com/watch?v=0aW6K2-a4gc"
"Euro Eyes London (LEC)","Follow Veranika, our Vice President, through her busy day. Book your consultation at euroeyes.co.uk.","","2024-10-20","youtube","EuroEyesUK","2024-10-20","https://www.youtube.com/watch?v=Sh9uk7G2pS8"
"Euro Eyes London (LEC)","From blurry mornings to life in HD 🔍Jannik shares his ICL journey and the moment everything changed","","2026-06-19","youtube_shorts","EuroEyesUK","2026-06-19","https://www.youtube.com/watch?v=QGrHYeh5K-E"
"Euro Eyes London (LEC)","Get rid of your reading glasses! Book your consultation at euroeyes.co.uk.","","2024-11-26","youtube","EuroEyesUK","2024-11-26","https://www.youtube.com/watch?v=yrsBFOXzgfU"
"Euro Eyes London (LEC)","Get the care you need with peace of mind. Book your consultation at euroeyes.co.uk.","","2024-10-29","youtube","EuroEyesUK","2024-10-29","https://www.youtube.com/watch?v=4lFAyG2akYk"
"Euro Eyes London (LEC)","Going on holiday soon? ✈️ Imagine waking up with clear vision without reaching for your glasses or contact lenses. 👁…","","2026-07-28","instagram","euroeyesuk","2026-07-28","https://www.instagram.com/p/DbTrLY-kyXY/"
"Euro Eyes London (LEC)","Going on holiday soon? ✈️ Imagine waking up with clear vision without...","","2026-07-28","tiktok","laser.eye.clinic","2026-07-28","https://www.tiktok.com/@laser.eye.clinic/video/7667286077723397398"
"Euro Eyes London (LEC)","Going on holiday? Enjoy clear vision without glasses or contacts.✈️🌍","","2026-07-28","youtube_shorts","EuroEyesUK","2026-07-28","https://www.youtube.com/watch?v=WZWoyml_O68"
"Euro Eyes London (LEC)","Hay fever affecting your eyes? 👁️🌿 Learn how to protect them and ease allergy symptoms.","","2026-08-06","youtube_shorts","EuroEyesUK","2026-08-06","https://www.youtube.com/watch?v=xcv1K-jnxvg"
"Euro Eyes London (LEC)","Hay fever doesn't just affect your nose... it can affect your eyes too. 👁️🌿","","2026-08-06","instagram","euroeyesuk","2026-08-06","https://www.instagram.com/p/Dbsc_OMD3vH/"
"Euro Eyes London (LEC)","Hay fever doesn't just affect your nose... it can affect your eyes too. 👁️🌿","","2026-08-06","tiktok","laser.eye.clinic","2026-08-06","https://www.tiktok.com/@laser.eye.clinic/video/7670860333711445251"
"Euro Eyes London (LEC)","How can a laser remove short-sightedness | Euroeyes London","","2024-10-18","youtube","EuroEyesUK","2024-10-18","https://www.youtube.com/watch?v=KNpv2P2HqbE"
"Euro Eyes London (LEC)","ICL in 30 seconds. What it is, how it works, and why patients love it. If you want to check if you’re eligible for IC…","","2026-06-24","instagram","euroeyesuk","2026-06-24","https://www.instagram.com/p/DZ98-SKiZi7/"
"Euro Eyes London (LEC)","If you're tired of switching between reading glasses and distance gla...","","2026-07-29","tiktok","laser.eye.clinic","2026-07-29","https://www.tiktok.com/@laser.eye.clinic/video/7667872348229455126"
"Euro Eyes London (LEC)","If you're tired of switching between reading glasses and distance glasses, trifocal lens treatment could be the solut…","","2026-07-29","instagram","euroeyesuk","2026-07-29","https://www.instagram.com/p/DbXvQ0wiGOg/"
"Euro Eyes London (LEC)","Jannik shares his journey and life-changing experience with ICL. Book a consultation - lec-london.uk","","2025-01-08","youtube","EuroEyesUK","2025-01-08","https://www.youtube.com/watch?v=qDAl-F9KYAI"
"Euro Eyes London (LEC)","Jannik with Morton","","2025-02-01","youtube","EuroEyesUK","2025-02-01","https://www.youtube.com/watch?v=OGMnzHEM23s"
"Euro Eyes London (LEC)","Join the EuroEyes family and see the world more clearly. Book your consultation at euroeyes.co.uk.","","2024-10-18","youtube","EuroEyesUK","2024-10-18","https://www.youtube.com/watch?v=uVi6awor_ps"
"Euro Eyes London (LEC)","Join us for our free patient info event on Saturday, 30th November at 5pm.","","2024-11-26","youtube","EuroEyesUK","2024-11-26","https://www.youtube.com/watch?v=7FIU-AYIkvI"
"Euro Eyes London (LEC)","Jordan Flynn, a professional boxer, turned to EuroEyes after suffering an eye injury.","","2025-02-21","youtube","EuroEyesUK","2025-02-21","https://www.youtube.com/watch?v=9u1-b7OQRe4"
"Euro Eyes London (LEC)","Kemi’s ICL surgery: BLACKPINK, good vibes & clearer vision. 👀💗 A day to remember!","","2026-08-19","youtube_shorts","EuroEyesUK","2026-08-19","https://www.youtube.com/watch?v=9eQY5OqSZxo"
"Euro Eyes London (LEC)","Learn how to protect your vision year-round. Book your consultation at euroeyes.co.uk.","","2024-11-24","youtube","EuroEyesUK","2024-11-24","https://www.youtube.com/watch?v=KYKmKi6Rm88"
"Euro Eyes London (LEC)","Listen as Sofia shares her journey to restored vision! Book your consultation at euroeyes.co.uk.","","2024-10-22","youtube","EuroEyesUK","2024-10-22","https://www.youtube.com/watch?v=rVUfGWyGz4s"
"Euro Eyes London (LEC)","Long-term contact lens wear may carry a higher risk than laser vision correction. 👁️✨","","2026-07-24","youtube_shorts","EuroEyesUK","2026-07-24","https://www.youtube.com/watch?v=A7nX46alKJI"
"Euro Eyes London (LEC)","Looking for an alternative to laser eye surgery? Discover if ICL is the right option for you. 👁️✨","","2026-07-21","youtube_shorts","EuroEyesUK","2026-07-21","https://www.youtube.com/watch?v=MxJswfWJlbg"
"Euro Eyes London (LEC)","Looking for an alternative to laser eye surgery? ICL (Implantable Con...","","2026-07-21","tiktok","laser.eye.clinic","2026-07-21","https://www.tiktok.com/@laser.eye.clinic/video/7664925676759321858"
"Euro Eyes London (LEC)","Looking for an alternative to laser eye surgery?","","2026-07-21","instagram","euroeyesuk","2026-07-21","https://www.instagram.com/p/DbDSYGNiv_s/"
"Euro Eyes London (LEC)","Louise's journey with EuroEyes","","2025-02-11","youtube","EuroEyesUK","2025-02-11","https://www.youtube.com/watch?v=iVdClwHZct8"
"Euro Eyes London (LEC)","Nadine chose a trifocal lens procedure to see clearly again, up close...","","2026-07-06","tiktok","laser.eye.clinic","2026-07-06","https://www.tiktok.com/@laser.eye.clinic/video/7659421494056996118"
"Euro Eyes London (LEC)","Nadine chose trifocal lenses to see clearly again👀✨","","2026-07-13","youtube_shorts","EuroEyesUK","2026-07-13","https://www.youtube.com/watch?v=bN02ob4ThBg"
"Euro Eyes London (LEC)","Natalia undergoes trifocal lens replacement with Dr. Fadi guiding the procedure step-by-step.","","2025-02-18","youtube","EuroEyesUK","2025-02-18","https://www.youtube.com/watch?v=rsyzp983mbA"
"Euro Eyes London (LEC)","New lenses, new possibilities. Dr. Fadi introduces the latest tech for clearer, sharper vision. ✨","","2026-06-11","youtube_shorts","EuroEyesUK","2026-06-11","https://www.youtube.com/watch?v=WlIiMZLanvc"
"Euro Eyes London (LEC)","No glasses, no contacts, just clearer vision. 👁️✨ Hear a patient’s story and learn more.","","2026-08-14","youtube_shorts","EuroEyesUK","2026-08-14","https://www.youtube.com/watch?v=cwaYYDkT6SU"
"Euro Eyes London (LEC)","No more glasses, no more contact lenses, just clearer vision. 👁️✨","","2026-08-21","instagram","euroeyesuk","2026-08-21","https://www.instagram.com/p/DcTjoVjguuK/"
"Euro Eyes London (LEC)","Our CFO celebrates one year since his trifocal lens surgery! Book a consultation at euroeyes.co.uk","","2025-01-13","youtube","EuroEyesUK","2025-01-13","https://www.youtube.com/watch?v=s1Nq4UgUDeU"
"Euro Eyes London (LEC)","Our patient, Dr. Bennett, just had her vision transformed. Book a consultation at euroeyes.co.uk!","","2024-12-31","youtube","EuroEyesUK","2024-12-31","https://www.youtube.com/watch?v=jKflw5b8CVU"
"Euro Eyes London (LEC)","Our Vice President, Veranika shares her LASIK journey! Book your consultation now at euroeyes.co.uk.","","2024-12-17","youtube","EuroEyesUK","2024-12-17","https://www.youtube.com/watch?v=fK3eLh4Y2SY"
"Euro Eyes London (LEC)","Over 45 and finding yourself holding things further away to read? 👀📖","","2026-08-24","instagram","euroeyesuk","2026-08-24","https://www.instagram.com/p/Dcay-Dil5C8/"
"Euro Eyes London (LEC)","Over 45 and holding things further away to read? 👀 Age-related vision changes could be why.","","2026-08-24","youtube_shorts","EuroEyesUK","2026-08-24","https://www.youtube.com/watch?v=NagT-S54LjA"
"Euro Eyes London (LEC)","Over 50? Clear vision is still possible 👁️ Book a consultation via our bio 🔗","","2026-06-29","youtube_shorts","EuroEyesUK","2026-06-29","https://www.youtube.com/watch?v=hODDeaWPJP8"
"Euro Eyes London (LEC)","Over 50? Your eyes change, but your options don’t stop. 👁️ Book your consultation 🔗","","2026-08-13","youtube_shorts","EuroEyesUK","2026-08-13","https://www.youtube.com/watch?v=v6jEh3QDBKc"
"Euro Eyes London (LEC)","Peter found us on TikTok and has now transformed his vision! Book a consultation at euroeyes.co.uk!","","2025-01-10","youtube","EuroEyesUK","2025-01-10","https://www.youtube.com/watch?v=ty3i6g5s6PQ"
"Euro Eyes London (LEC)","Presbyopia doesn’t have to be part of aging quietly. Book a consultation via the link in our bio✨","","2026-06-16","youtube_shorts","EuroEyesUK","2026-06-16","https://www.youtube.com/watch?v=3Lel_dc5H_g"
"Euro Eyes London (LEC)","Ready to put your reading glasses down? 👓✨ Find out if laser eye surgery could be right for you!","","2026-08-10","youtube_shorts","EuroEyesUK","2026-08-10","https://www.youtube.com/watch?v=z0Ez8jiNbj0"
"Euro Eyes London (LEC)","Ready to put your reading glasses down? 👓✨","","2026-08-10","instagram","euroeyesuk","2026-08-10","https://www.instagram.com/p/Db3Ym1uDBhd/"
"Euro Eyes London (LEC)","Ready to put your reading glasses down? 👓✨","","2026-08-10","tiktok","laser.eye.clinic","2026-08-10","https://www.tiktok.com/@laser.eye.clinic/video/7672432503868738838"
"Euro Eyes London (LEC)","See how ICL surgery can help reduce your need for glasses or contact lenses. 👁️","","2026-08-03","youtube_shorts","EuroEyesUK","2026-08-03","https://www.youtube.com/watch?v=tncT2inDEm4"
"Euro Eyes London (LEC)","See step by step how a patient undergoes ICL surgery. Designed to be safe, quick, and deliver long-term visual clarit…","","2026-06-23","instagram","euroeyesuk","2026-06-23","https://www.instagram.com/p/DZ7H-7qCkUq/"
"Euro Eyes London (LEC)","See step-by-step ICL surgery: safe, quick, long-term clarity 👁️✨ Book free consult 🔗 today!","","2026-06-23","youtube_shorts","EuroEyesUK","2026-06-23","https://www.youtube.com/watch?v=IPRX0jOHFTo"
"Euro Eyes London (LEC)","See what SMILE surgery really looks like through Brett’s eyes 👁️ Link in bio 🔗","","2026-06-08","youtube_shorts","EuroEyesUK","2026-06-08","https://www.youtube.com/watch?v=BMJRmRhtjOg"
"Euro Eyes London (LEC)","Step inside EuroEyes and discover how we invest in the latest technol...","","2026-07-15","tiktok","laser.eye.clinic","2026-07-15","https://www.tiktok.com/@laser.eye.clinic/video/7662644949703281942"
"Euro Eyes London (LEC)","Step inside EuroEyes and discover how we invest in the latest technology to give you the best possible vision. 👁️✨ R…","","2026-07-15","instagram","euroeyesuk","2026-07-15","https://www.instagram.com/p/Dazd9krj3_q/"
"Euro Eyes London (LEC)","Step inside EuroEyes and see the latest vision technology. Book your consultation. 👁️✨","","2026-07-15","youtube_shorts","EuroEyesUK","2026-07-15","https://www.youtube.com/watch?v=6z6o_5SA49E"
"Euro Eyes London (LEC)","Suddenly everyone is an influencer 😅","","2024-12-05","youtube","EuroEyesUK","2024-12-05","https://www.youtube.com/watch?v=F3Xd35Fcx8k"
"Euro Eyes London (LEC)","The EuroEyes team celebrated in style at our Christmas party. Book a consultation at euroeyes.co.uk","","2024-12-22","youtube","EuroEyesUK","2024-12-22","https://www.youtube.com/watch?v=FlMwuZzkttc"
"Euro Eyes London (LEC)","Tired of reaching for reading glasses? Laser eye correction could reduce your dependence!","","2026-08-12","youtube_shorts","EuroEyesUK","2026-08-12","https://www.youtube.com/watch?v=C3-4-rdniIU"
"Euro Eyes London (LEC)","Tired of reaching for your reading glasses every time you need to see clearly up close? 👓","","2026-08-12","instagram","euroeyesuk","2026-08-12","https://www.instagram.com/p/Db8f_kSDxh4/"
"Euro Eyes London (LEC)","Tired of reaching for your reading glasses every time you need to see clearly up close? 👓","","2026-08-12","tiktok","laser.eye.clinic","2026-08-12","https://www.tiktok.com/@laser.eye.clinic/video/7673172934030118166"
"Euro Eyes London (LEC)","Trifocal and multifocal lenses are the same. Book your free consultation today. ✨","","2026-07-22","youtube_shorts","EuroEyesUK","2026-07-22","https://www.youtube.com/watch?v=pbvsI9keAkQ"
"Euro Eyes London (LEC)","Visit us at LEC to restore clear vision. Book your consultation at euroeyes.co.uk.","","2024-12-19","youtube","EuroEyesUK","2024-12-19","https://www.youtube.com/watch?v=onIZuuqtuJg"
"Euro Eyes London (LEC)","What are the machines / devices that are used during laser eye surgery?","","2024-10-18","youtube","EuroEyesUK","2024-10-18","https://www.youtube.com/watch?v=z-6ZRgvTgkA"
"Euro Eyes London (LEC)","What happens if you sneeze during laser eye surgery? 👀 Find out! 👁️✨","","2026-08-21","youtube_shorts","EuroEyesUK","2026-08-21","https://www.youtube.com/watch?v=lQzSiy-grWo"
"Euro Eyes London (LEC)","What is Presbyopia and when does it start causing issues?","","2024-10-18","youtube","EuroEyesUK","2024-10-18","https://www.youtube.com/watch?v=ckYgQKdnTb0"
"Euro Eyes London (LEC)","What is Presbyopia?","","2025-02-04","youtube","EuroEyesUK","2025-02-04","https://www.youtube.com/watch?v=Gk_OvIL9KwU"
"Euro Eyes London (LEC)","When you’re over 50, your eyes change, but your options are better th...","","2026-06-29","tiktok","laser.eye.clinic","2026-06-29","https://www.tiktok.com/@laser.eye.clinic/video/7656796866943651094"
"Euro Eyes London (LEC)","When you’re over 50, your eyes change, but your options are better than ever 👁️ Ready to see clearly again? Book you…","","2026-06-29","instagram","euroeyesuk","2026-06-29","https://www.instagram.com/p/DaK4_ejEnh7/"
"Euro Eyes London (LEC)","When you’re over 50, your eyes change, but your options are better than ever 👁️ Ready to see clearly again? Book you…","","2026-08-13","instagram","euroeyesuk","2026-08-13","https://www.instagram.com/p/Db-cnz1EVdQ/"
"Euro Eyes London (LEC)","When you’re over 50, your eyes change, but your options are better than ever 👁️ Ready to see clearly again? Book your c","","2026-08-13","tiktok","laser.eye.clinic","2026-08-13","https://www.tiktok.com/@laser.eye.clinic/video/7673450481632414998"
"Euro Eyes London (LEC)","Which laser eye treatment is right for you? 👁️ Find out what’s best for your eyes. ✨","","2026-08-28","youtube_shorts","EuroEyesUK","2026-08-28","https://www.youtube.com/watch?v=_Bnds7UrVWM"
"Euro Eyes London (LEC)","Which laser eye treatment is right for you? 👁️✨","","2026-08-28","instagram","euroeyesuk","2026-08-28","https://www.instagram.com/p/Dcl2OpcDndg/"
"Euro Eyes London (LEC)","Your laser eye surgery questions, answered by Dr. Fadi 👁️✨ What would you ask? 👇","","2026-08-26","youtube_shorts","EuroEyesUK","2026-08-26","https://www.youtube.com/watch?v=jzHxKVby7gM"
"Euro Eyes London (LEC)","Your laser eye surgery questions, answered by Dr. Fadi 👁️✨Dr. Fadi breaks down some of the most common questions abo…","","2026-08-26","instagram","euroeyesuk","2026-08-26","https://www.instagram.com/p/Dcf1P7CD2EN/"
"Euro Eyes London (LEC)","Your questions, answered. 👁️ Dr. Fadi answers the most common vision correction questions.","","2026-07-31","youtube_shorts","EuroEyesUK","2026-07-31","https://www.youtube.com/watch?v=X83czOJOwAQ"
"Euro Eyes London (LEC)","Your questions, answered. 👁️","","2026-07-31","instagram","euroeyesuk","2026-07-31","https://www.instagram.com/p/DbdwKRcgNUW/"
"Euro Eyes London (LEC)","Your questions, answered. 👁️","","2026-07-31","tiktok","laser.eye.clinic","2026-07-31","https://www.tiktok.com/@laser.eye.clinic/video/7668616108592729366"
"Euro Eyes London (LEC)","Your top vision‑correction questions answered. Learn more on our site or book anytime. 👁️📘","","2026-06-02","youtube_shorts","EuroEyesUK","2026-06-02","https://www.youtube.com/watch?v=lKn5lkWJj8k"
"EuroEyes Deutschland","„Ich bin aufgewacht und konnte einfach alles lesen!“ 🤩","","2026-07-08","instagram","euroeyes_deutschland","2026-07-08","https://www.instagram.com/p/DahiNQECn7x/"
"EuroEyes Deutschland","„WOW! Ich konnte sofort alles lesen!“ 🤩 Brille suchen? Nicht mehr! 👓❌...","","2026-07-08","tiktok","euroeyes_augenlasern","2026-07-08","https://www.tiktok.com/@euroeyes_augenlasern/video/7660060634540821782"
"EuroEyes Deutschland","🎉 Nie wieder Brille – Tag der offenen Tür bei EuroEyes München! 👁 Kos...","","2026-07-15","tiktok","euroeyes_augenlasern","2026-07-15","https://www.tiktok.com/@euroeyes_augenlasern/video/7662642583146925334"
"EuroEyes Deutschland","🎉 Nie wieder Brille – Tag der offenen Tür bei EuroEyes München!","","2026-07-15","instagram","euroeyes_deutschland","2026-07-15","https://www.instagram.com/p/DazdWDECExK/"
"EuroEyes Deutschland","👁️ Kopfschmerzen, verschwommenes Sehen oder trockene Augen? Zeit für einen Augencheck. ✨","","2026-09-02","youtube_shorts","euroeyes","2026-09-02","https://www.youtube.com/watch?v=5s76iKhZ9O8"
"EuroEyes Deutschland","👁️ Nur ein funktionierendes Auge – und trotzdem den Schritt gewagt! H...","","2026-07-01","tiktok","euroeyes_augenlasern","2026-07-01","https://www.tiktok.com/@euroeyes_augenlasern/video/7657458322274028823"
"EuroEyes Deutschland","👁️✈️ Sicherheit braucht klare Sicht – und dafür hat sich Herr Bettges entschieden!","","2025-09-15","youtube","euroeyes","2025-09-15","https://www.youtube.com/watch?v=6js39mCKPR8"
"EuroEyes Deutschland","👉 No more glasses or contact lenses? Find out everything about modern...","","2026-07-21","tiktok","euroeyes_augenlasern","2026-07-21","https://www.tiktok.com/@euroeyes_augenlasern/video/7664923984172977430"
"EuroEyes Deutschland","10 Jahre Kontaktlinsen – dann endlich Augenlasern","","2026-09-03","youtube_shorts","euroeyes","2026-09-03","https://www.youtube.com/watch?v=F1yWKrngc7A"
"EuroEyes Deutschland","10 Jahre Kontaktlinsen – dann endlich Augenlasern","","2026-09-03","youtube","euroeyes","2026-09-03","https://www.youtube.com/watch?v=8KV3wifiTuo"
"EuroEyes Deutschland","10 Jahre lebensverändernde Vision in Beijing!","","2025-02-26","youtube","euroeyes","2025-02-26","https://www.youtube.com/watch?v=NX03Np3Q-4o"
"EuroEyes Deutschland","10 Jahre perfekte Sicht ohne Brille – Uwe Kanthak erzählt seine EuroEyes-Erfahrung!","","2025-11-19","youtube","euroeyes","2025-11-19","https://www.youtube.com/watch?v=EfWBnoZ4PGA"
"EuroEyes Deutschland","19 June 2026","","2026-06-19","youtube_shorts","euroeyes","2026-06-19","https://www.youtube.com/watch?v=koJy6vvoKFY"
"EuroEyes Deutschland","23 Jahre glücklich mit ICL-Linsen – jetzt mit Trifokallinsen wieder brillenfrei","","2026-06-18","youtube","euroeyes","2026-06-18","https://www.youtube.com/watch?v=hXB5LGCqp8c"
"EuroEyes Deutschland","23 Jahre später. Gleicher Arzt. Neue Linse.","","2026-06-18","youtube_shorts","euroeyes","2026-06-18","https://www.youtube.com/watch?v=a9T5STH-Pus"
"EuroEyes Deutschland","52 Jahre dicke Brille – plötzlich klare Sicht! | Roberto erlebt WOW-Moment nach Trifokallinsen OP","","2026-05-08","youtube","euroeyes","2026-05-08","https://www.youtube.com/watch?v=LdKJeBbSHrs"
"EuroEyes Deutschland","Alex & Buddy aus Florida bekamen bei EuroEyes in Wiesbaden „neue Augen”","","2026-04-13","youtube","euroeyes","2026-04-13","https://www.youtube.com/watch?v=mOqbmx5YQqk"
"EuroEyes Deutschland","Alex & Buddy from Florida got ‘new eyes’ at EuroEyes in Wiesbaden","","2026-07-14","youtube","euroeyes","2026-07-14","https://www.youtube.com/watch?v=Qf3Jc4L9Iik"
"EuroEyes Deutschland","Brillenfrei dank Trifokallinsen – Herr Dworatzek bei EuroEyes Wiesbaden","","2025-09-05","youtube","euroeyes","2025-09-05","https://www.youtube.com/watch?v=XJIftAslPIY"
"EuroEyes Deutschland","Brillenfrei mit 50+: Ein EuroEyes-Augenchirurg wechselt von ICL auf Trifokallinsen","","2026-06-08","youtube_shorts","euroeyes","2026-06-08","https://www.youtube.com/watch?v=N31L2YZ75hQ"
"EuroEyes Deutschland","Brillenfrei mit 50+: Ein EuroEyes-Augenchirurg wechselt von ICL auf Trifokallinsen","","2026-06-08","youtube","euroeyes","2026-06-08","https://www.youtube.com/watch?v=hnADExoMwhw"
"EuroEyes Deutschland","Choreographin Sonja Gaubies-Eschrich mit Trifokallinsen bei EuroEyes Berlin begeistert","","2026-05-18","youtube","euroeyes","2026-05-18","https://www.youtube.com/watch?v=ee9sy5PedvE"
"EuroEyes Deutschland","Denken Sie über Augenlasern nach? 👓✨ Entdecken Sie, warum die Technologie zählt. 👁️","","2026-08-12","youtube_shorts","euroeyes","2026-08-12","https://www.youtube.com/watch?v=Kuz6aSrDYPs"
"EuroEyes Deutschland","Denken Sie über eine Augenlaserbehandlung nach? 👓✨","","2026-08-12","instagram","euroeyes_deutschland","2026-08-12","https://www.instagram.com/p/Db8f7YSAZax/"
"EuroEyes Deutschland","Denken Sie über eine Augenlaserbehandlung nach? 👓✨","","2026-08-12","tiktok","euroeyes_augenlasern","2026-08-12","https://www.tiktok.com/@euroeyes_augenlasern/video/7673172213775846689"
"EuroEyes Deutschland","Die Dicke Ihrer Hornhaut spielt bei der Wahl der richtigen Sehkorrekt...","","2026-07-24","tiktok","euroeyes_augenlasern","2026-07-24","https://www.tiktok.com/@euroeyes_augenlasern/video/7666036226146848033"
"EuroEyes Deutschland","Die Dicke Ihrer Hornhaut spielt bei der Wahl der richtigen Sehkorrektur eine größere Rolle, als viele denken. 👁️","","2026-07-26","instagram","euroeyes_deutschland","2026-07-26","https://www.instagram.com/p/DbOn9HUAZdw/"
"EuroEyes Deutschland","Die kleinen Anpassungen, die du kaum bemerkt hast — bis du siehst, wie leicht es sein kann. ✨👁️","","2026-05-26","youtube_shorts","euroeyes","2026-05-26","https://www.youtube.com/watch?v=oJPyDP6Ri28"
"EuroEyes Deutschland","Die richtige Augenbehandlung beginnt mit dem Verständnis deiner Augen 👁️ Jetzt Beratung buchen 🔗","","2026-06-29","youtube_shorts","euroeyes","2026-06-29","https://www.youtube.com/watch?v=q4yDekyb2fo"
"EuroEyes Deutschland","Die Wahl der richtigen Augenbehandlung beginnt damit, deine Augen wir...","","2026-06-29","tiktok","euroeyes_augenlasern","2026-06-29","https://www.tiktok.com/@euroeyes_augenlasern/video/7656736152170302753"
"EuroEyes Deutschland","Die Wahl der richtigen Klinik bedeutet, sich für Erfahrung, Expertise und ein Team zu entscheiden, das die Verantwort…","","2026-07-21","instagram","euroeyes_deutschland","2026-07-21","https://www.instagram.com/p/DbDSWV0D-Zm/"
"EuroEyes Deutschland","Die Wahl der richtigen Klinik bedeutet, sich für Erfahrung, Expertise...","","2026-07-21","tiktok","euroeyes_augenlasern","2026-07-21","https://www.tiktok.com/@euroeyes_augenlasern/video/7664911484450868513"
"EuroEyes Deutschland","Direkt nach der ICL-Implantation kann die IT-Expertin schon fast alles sehen","","2026-03-30","youtube","euroeyes","2026-03-30","https://www.youtube.com/watch?v=AnlXz3rYF_M"
"EuroEyes Deutschland","Direkt nach seiner Trifokallinsen-OP spielte Tarik schon wieder Roulette!","","2025-03-06","youtube","euroeyes","2025-03-06","https://www.youtube.com/watch?v=CeuF0A7UFCs"
"EuroEyes Deutschland","Direkt nach seiner Trifokallinsen-OP spielte Tarik schon wieder Roulette!","","2025-03-07","youtube","euroeyes","2025-03-07","https://www.youtube.com/watch?v=qV0yUJQSz-c"
"EuroEyes Deutschland","Dr. Dubiley führt eine trifokale Linsenoperation durch – eine präzise Behandlung, die klare Sicht in allen Entfernung…","","2026-08-18","instagram","euroeyes_deutschland","2026-08-18","https://www.instagram.com/p/DcLYz-lERNZ/"
"EuroEyes Deutschland","Dr. Dubiley führt eine trifokale Linsenoperation durch – eine präzise Behandlung, die klare Sicht in allen Entfernungen ","","2026-08-12","tiktok","euroeyes_augenlasern","2026-08-12","https://www.tiktok.com/@euroeyes_augenlasern/video/7673174360034725152"
"EuroEyes Deutschland","Ein Jahr nach der Linsenimplantation – befreit von der Brille","","2025-07-03","youtube","euroeyes","2025-07-03","https://www.youtube.com/watch?v=1ByZ0MPDVdc"
"EuroEyes Deutschland","EuroEyes Meeting 2026: Internationale Augenexperten in Dänemark","","2026-01-21","youtube","euroeyes","2026-01-21","https://www.youtube.com/watch?v=PR9Mh6R1-XA"
"EuroEyes Deutschland","Euroeyes schenkt euch Rabatt 👀😱","","2026-07-14","instagram","euroeyes_deutschland","2026-07-14","https://www.instagram.com/p/DaxjI5QMOdt/"
"EuroEyes Deutschland","EuroEyes-Infoabend vom 16. März 2026 in Hamburg","","2026-03-31","youtube","euroeyes","2026-03-31","https://www.youtube.com/watch?v=glCa7SbXS1Q"
"EuroEyes Deutschland","Fragen zur Augen‑OP? 👀 Wir beantworten die häufigsten Fragen dazu für Sie. 👓","","2026-05-29","youtube_shorts","euroeyes","2026-05-29","https://www.youtube.com/watch?v=G2m-t0dbs0M"
"EuroEyes Deutschland","Gala für 10 Jahre Trifokallinsen-Spitzenleistung in Beijing","","2025-03-07","youtube","euroeyes","2025-03-07","https://www.youtube.com/watch?v=SMs5QmesFk0"
"EuroEyes Deutschland","Gleitsichtbrillen sind nicht für jeden die ideale Lösung. 👓","","2026-08-05","instagram","euroeyes_deutschland","2026-08-05","https://www.instagram.com/p/DbqjAfugP_5/"
"EuroEyes Deutschland","Gleitsichtbrillen sind nicht für jeden die ideale Lösung. 👓","","2026-08-05","tiktok","euroeyes_augenlasern","2026-08-05","https://www.tiktok.com/@euroeyes_augenlasern/video/7670582303357193505"
"EuroEyes Deutschland","Greifen Sie beim Lesen, am Smartphone oder beim Blick auf die Speisekarte immer wieder zur Lesebrille? 👓","","2026-08-03","instagram","euroeyes_deutschland","2026-08-03","https://www.instagram.com/p/DblBVPeiULm/"
"EuroEyes Deutschland","Greifen Sie beim Lesen, am Smartphone oder beim Blick auf die Speisekarte immer wieder zur Lesebrille? 👓","","2026-08-03","tiktok","euroeyes_augenlasern","2026-08-03","https://www.tiktok.com/@euroeyes_augenlasern/video/7669786104006069537"
"EuroEyes Deutschland","Handwerker und Unternehmensberater mit scharfem Blick dank Trifokallinsen","","2025-09-17","youtube","euroeyes","2025-09-17","https://www.youtube.com/watch?v=KjirIo-XU3c"
"EuroEyes Deutschland","ICL in 30s: Die winzige Linse schenkt dir klare Sicht, ohne deine Hornhaut zu berühren. 👁️✨","","2026-06-09","youtube_shorts","euroeyes","2026-06-09","https://www.youtube.com/watch?v=V2MsfoDSux4"
"EuroEyes Deutschland","ICL‑OP Schritt für Schritt: sicher, schnell, für klare Sicht entwickelt. 👁️✨ Jetzt Beratung buchen.","","2026-06-09","youtube_shorts","euroeyes","2026-06-09","https://www.youtube.com/watch?v=G6D8HLeDOrA"
"EuroEyes Deutschland","Ihre Sehkraft, Ihr Lebensstil und Ihre individuellen Bedürfnisse spie...","","2026-07-23","tiktok","euroeyes_augenlasern","2026-07-23","https://www.tiktok.com/@euroeyes_augenlasern/video/7665647431547129120"
"EuroEyes Deutschland","Ihre Sehkraft, Ihr Lebensstil und Ihre individuellen Bedürfnisse spielen eine entscheidende Rolle bei der Wahl der ri…","","2026-07-23","instagram","euroeyes_deutschland","2026-07-23","https://www.instagram.com/p/DbITe9Vj6eD/"
"EuroEyes Deutschland","Ihre Sehreise endet nicht am Tag Ihres Eingriffs. Zu wissen, was Sie auch Jahre später erwarten können, ist genauso w…","","2026-08-20","instagram","euroeyes_deutschland","2026-08-20","https://www.instagram.com/p/DcRD3MvEon5/"
"EuroEyes Deutschland","Ihre Sehreise endet nicht mit dem Eingriff. Vereinbaren Sie jetzt Ihre kostenlose Beratung! 👁️✨","","2026-08-20","youtube_shorts","euroeyes","2026-08-20","https://www.youtube.com/watch?v=yvWQLwsfoJ8"
"EuroEyes Deutschland","Jeden Tag Kontaktlinsen? 👁️ Finde heraus, ob Augenlasern die einfachere Lösung ist. ✨","","2026-06-30","youtube_shorts","euroeyes","2026-06-30","https://www.youtube.com/watch?v=6i1l6kcblHM"
"EuroEyes Deutschland","Kleine Gewohnheiten können nach einer Laser-Augenoperation einen großen Unterschied machen 👁️✨","","2026-07-31","instagram","euroeyes_deutschland","2026-07-31","https://www.instagram.com/p/DbcdvJ5EbFX/"
"EuroEyes Deutschland","Kleine Gewohnheiten können nach einer Laser-Augenoperation einen großen Unterschied machen 👁️✨","","2026-07-31","tiktok","euroeyes_augenlasern","2026-07-31","https://www.tiktok.com/@euroeyes_augenlasern/video/7668613964783275297"
"EuroEyes Deutschland","Kontaktlinsen sicher? 👀 Tägliche Risiken vs. ein Laser‑Eingriff — Mythos gebrochen. ⚡️","","2026-05-27","youtube_shorts","euroeyes","2026-05-27","https://www.youtube.com/watch?v=KYN41ie3jSg"
"EuroEyes Deutschland","Leiden Sie unter Ihrer Gleitsichtbrille? 👓 Erfahren Sie im Video, welche Alternativen es gibt. 👁️","","2026-08-05","youtube_shorts","euroeyes","2026-08-05","https://www.youtube.com/watch?v=xCacxw_W3z4"
"EuroEyes Deutschland","Lernen Sie Dr. Inken Lamcke von EuroEyes kennen!","","2025-03-07","youtube","euroeyes","2025-03-07","https://www.youtube.com/watch?v=6ipfuzM8QYc"
"EuroEyes Deutschland","Lesebrille? 👓 Ein Linsentausch kann Ihre Abhängigkeit davon reduzieren. 👁️✨","","2026-08-03","youtube_shorts","euroeyes","2026-08-03","https://www.youtube.com/watch?v=eSeIR-TEqy0"
"EuroEyes Deutschland","Mehr über Ihre Möglichkeiten zur Sehkorrektur erfahren? Besuchen Sie unseren kostenlosen Infoabend","","2026-08-10","youtube_shorts","euroeyes","2026-08-10","https://www.youtube.com/watch?v=3gSyIM0EfjE"
"EuroEyes Deutschland","Michel Abdollahis Familie vertraut auf Dr. Jørgensen und EuroEyes","","2025-04-25","youtube","euroeyes","2025-04-25","https://www.youtube.com/watch?v=w0GEa4IcCg8"
"EuroEyes Deutschland","Möchten Sie mehr über Ihre Möglichkeiten zur Sehkorrektur erfahren? 👁️","","2026-08-10","instagram","euroeyes_deutschland","2026-08-10","https://www.instagram.com/p/Db3Yuf3jGen/"
"EuroEyes Deutschland","Möchten Sie mehr über Ihre Möglichkeiten zur Sehkorrektur erfahren? 👁️","","2026-08-10","tiktok","euroeyes_augenlasern","2026-08-10","https://www.tiktok.com/@euroeyes_augenlasern/video/7672432784518008097"
"EuroEyes Deutschland","Nadine entschied sich für eine Trifokallinsen-OP für klare Sicht nah, fern & dazwischen 👁️✨","","2026-06-23","youtube_shorts","euroeyes","2026-06-23","https://www.youtube.com/watch?v=Ntjl_IJPLnA"
"EuroEyes Deutschland","Neu bei EuroEyes: Die Light Adjustable Lens (LAL) – Maximale Sehschärfe zum selbst gestalten","","2025-09-10","youtube","euroeyes","2025-09-10","https://www.youtube.com/watch?v=W7aOWuUMnEc"
"EuroEyes Deutschland","Neue Augen dank Trifokallinsen – Heike Geißlers Erfahrung bei EuroEyes Berlin","","2025-09-04","youtube","euroeyes","2025-09-04","https://www.youtube.com/watch?v=3dsSlKT0kDc"
"EuroEyes Deutschland","New at EuroEyes: Light Adjustable Lens (LAL) – Maximum visual acuity you can customise yourself","","2025-09-10","youtube","euroeyes","2025-09-10","https://www.youtube.com/watch?v=lW_QZjgvE5w"
"EuroEyes Deutschland","Nicht für Laser geeignet? Es gibt oft andere Wege zur Sehkorrektur. 👁️✨","","2026-07-09","youtube_shorts","euroeyes","2026-07-09","https://www.youtube.com/watch?v=DSJO6-0FUWY"
"EuroEyes Deutschland","Nicht jede Sehkorrektur ist gleich. Finden Sie die passende Behandlung für Ihre Augen. 👁️✨","","2026-07-21","youtube_shorts","euroeyes","2026-07-21","https://www.youtube.com/watch?v=_PAJnSOxdGU"
"EuroEyes Deutschland","Nicht jeder ist für Augenlasern geeignet 👁️ Finde heraus, welche Behandlung zu dir passt! ✨","","2026-08-25","youtube_shorts","euroeyes","2026-08-25","https://www.youtube.com/watch?v=9FOPrjOLlvo"
"EuroEyes Deutschland","Nicht jeder ist für das Augenlasern geeignet 👁️","","2026-08-25","instagram","euroeyes_deutschland","2026-08-25","https://www.instagram.com/p/DceAtyvjeXK/"
"EuroEyes Deutschland","Nicht jedes Sehproblem braucht die gleiche Lösung. 👁️✨ Von SMILE Pro ...","","2026-07-15","tiktok","euroeyes_augenlasern","2026-07-15","https://www.tiktok.com/@euroeyes_augenlasern/video/7662644665472126240"
"EuroEyes Deutschland","Nicht jedes Sehproblem braucht die gleiche Lösung. 👁️✨","","2026-07-15","instagram","euroeyes_deutschland","2026-07-15","https://www.instagram.com/p/DazeDhIggC9/"
"EuroEyes Deutschland","Nie wieder Brille beim Tanzen! 👓✨","","2026-08-17","youtube_shorts","euroeyes","2026-08-17","https://www.youtube.com/watch?v=fcqQX9pModw"
"EuroEyes Deutschland","Nur ein funktionierendes Auge – Warum Herr Kreisel EuroEyes vertraute","","2026-06-30","youtube_shorts","euroeyes","2026-06-30","https://www.youtube.com/watch?v=983JfEB_qPs"
"EuroEyes Deutschland","Nur ein funktionierendes Auge – Warum Herr Kreisel EuroEyes vertraute","","2026-06-30","youtube","euroeyes","2026-06-30","https://www.youtube.com/watch?v=GAcAEFDL7hs"
"EuroEyes Deutschland","Patricijas WOW-Moment 😍 Endlich ohne Brille! POV: Du wachst nach der ...","","2026-07-22","tiktok","euroeyes_augenlasern","2026-07-22","https://www.tiktok.com/@euroeyes_augenlasern/video/7665347607253863702"
"EuroEyes Deutschland","Patricijas WOW-Moment 😍 Endlich ohne Brille!","","2026-07-22","instagram","euroeyes_deutschland","2026-07-22","https://www.instagram.com/p/DbGRy-kC82R/"
"EuroEyes Deutschland","Poker-Weltmeister Jan-Peter Jachtmann sieht dank EuroEyes alle Karten sind wieder gestochen scharf!","","2025-05-28","youtube","euroeyes","2025-05-28","https://www.youtube.com/watch?v=dHuOi_7FYwc"
"EuroEyes Deutschland","Radprofi begeistert: Schon 1 Tag nach Trifokallinsen-OP perfekt sehen 🚴‍♂️👁️","","2025-12-18","youtube","euroeyes","2025-12-18","https://www.youtube.com/watch?v=oYO_E_qhGV4"
"EuroEyes Deutschland","Schauen wir uns die wichtigsten Unterschiede zwischen den beliebteste...","","2026-07-07","tiktok","euroeyes_augenlasern","2026-07-07","https://www.tiktok.com/@euroeyes_augenlasern/video/7659843113996913952"
"EuroEyes Deutschland","Schauen wir uns die wichtigsten Unterschiede zwischen den beliebtesten Verfahren zur Sehkorrektur an und für wen sie …","","2026-07-07","instagram","euroeyes_deutschland","2026-07-07","https://www.instagram.com/p/DagCHYYj7b1/"
"EuroEyes Deutschland","Sehen Sie das Video und finden Sie die passende Sehkorrektur. Beratung in der Bio. ✨","","2026-07-11","youtube_shorts","euroeyes","2026-07-11","https://www.youtube.com/watch?v=0axG4Fx_UXo"
"EuroEyes Deutschland","Sehen Sie Schritt für Schritt, wie ein Patient eine ICL‑Operation durchläuft. Sicher, schnell und für langfristige Kl…","","2026-08-13","instagram","euroeyes_deutschland","2026-08-13","https://www.instagram.com/p/Db-UHxzFH_j/"
"EuroEyes Deutschland","Sehveränderungen ab 45 sind normal. Buchen Sie einen Termin und finden Sie Ihre Lösung.!!!","","2026-06-17","youtube_shorts","euroeyes","2026-06-17","https://www.youtube.com/watch?v=ZLZg2lEti_8"
"EuroEyes Deutschland","Setzt du jeden Tag noch Kontaktlinsen ein? 👁️ Vielleicht gibt es eine...","","2026-06-30","tiktok","euroeyes_augenlasern","2026-06-30","https://www.tiktok.com/@euroeyes_augenlasern/video/7657101020513701153"
"EuroEyes Deutschland","SMILE Pro oder ICL? Wir prüfen Hornhaut, Rezept, Lebensstil & Augengesundheit. 👁️✨","","2026-06-09","youtube_shorts","euroeyes","2026-06-09","https://www.youtube.com/watch?v=0XZ5k-UGvvc"
"EuroEyes Deutschland","So sieht eine SMILE-OP wirklich aus 👁️ Buche deine Beratung über den Link in der Bio 🔗","","2026-06-25","youtube_shorts","euroeyes","2026-06-25","https://www.youtube.com/watch?v=dxjxLiEXkaU"
"EuroEyes Deutschland","Soner Hüdür hat in Wiesbaden Trifokallinsen bekommen","","2025-02-25","youtube","euroeyes","2025-02-25","https://www.youtube.com/watch?v=mZZIvwlOZD8"
"EuroEyes Deutschland","Sportjournalist Birger Tiemann: Wieder klar sehen dank Trifokallinsen | EuroEyes Wiesbaden","","2026-03-06","youtube","euroeyes","2026-03-06","https://www.youtube.com/watch?v=SE_lxQavIeU"
"EuroEyes Deutschland","Vertrauen Sie Ihre Augen Experten an. Erfahrung, Präzision und Fürsorge bei EuroEyes.","","2026-07-22","youtube_shorts","euroeyes","2026-07-22","https://www.youtube.com/watch?v=y2C_dOTJ7cs"
"EuroEyes Deutschland","Warum die Hornhautdicke wichtig ist und welche Sehkorrektur zu Ihren Augen passt. 👁️✨","","2026-07-24","youtube_shorts","euroeyes","2026-07-24","https://www.youtube.com/watch?v=_52eLy6LfLA"
"EuroEyes Deutschland","Warum muss man 18 sein für eine Augenlaserbehandlung? 👁️ Erfahren Sie, warum das Warten wichtig ist","","2026-07-28","youtube_shorts","euroeyes","2026-07-28","https://www.youtube.com/watch?v=yUvFywyI7jI"
"EuroEyes Deutschland","Warum muss man für eine Augenlaserbehandlung mindestens 18 Jahre alt ...","","2026-07-28","tiktok","euroeyes_augenlasern","2026-07-28","https://www.tiktok.com/@euroeyes_augenlasern/video/7667286351351467296"
"EuroEyes Deutschland","Warum muss man für eine Augenlaserbehandlung mindestens 18 Jahre alt sein? 👁️","","2026-07-28","instagram","euroeyes_deutschland","2026-07-28","https://www.instagram.com/p/DbTrAVkDx3b/"
"EuroEyes Deutschland","Was passiert, wenn Sehprobleme unbehandelt bleiben? 👁️ Mehr im Video. ✨","","2026-07-29","youtube_shorts","euroeyes","2026-07-29","https://www.youtube.com/watch?v=__Ka94s2Eho"
"EuroEyes Deutschland","Was passiert, wenn Sie Ihre Sehprobleme nicht behandeln? 👁️ Unscharfe...","","2026-07-29","tiktok","euroeyes_augenlasern","2026-07-29","https://www.tiktok.com/@euroeyes_augenlasern/video/7667872162409155872"
"EuroEyes Deutschland","Was passiert, wenn Sie Ihre Sehprobleme nicht behandeln? 👁️ Unscharfes Sehen wird in der Regel nicht von allein bess…","","2026-07-29","instagram","euroeyes_deutschland","2026-07-29","https://www.instagram.com/p/DbXvZGqArXi/"
"EuroEyes Deutschland","Welche Behandlung passt zu Ihren Augen? Finden Sie die passende Lösung mit EuroEyes.","","2026-07-23","youtube_shorts","euroeyes","2026-07-23","https://www.youtube.com/watch?v=HhkyFopmT_M"
"EuroEyes Deutschland","Weniger Abhängigkeit von der Brille? 👓✨ Finden Sie heraus, welche Behandlung passt. 👁️","","2026-08-14","youtube_shorts","euroeyes","2026-08-14","https://www.youtube.com/watch?v=PG2O38P5Iqs"
"EuroEyes Deutschland","Wenn der Optiker selbst Patient wird | Trifokale Linsen bei EuroEyes","","2026-02-10","youtube","euroeyes","2026-02-10","https://www.youtube.com/watch?v=fBuLOj1uZK4"
"EuroEyes Deutschland","Wenn Ihnen diese Symptome bekannt sind, brauchen Sie evtl. eine Sehkorrektur. Beratung in der Bio.","","2026-05-22","youtube_shorts","euroeyes","2026-05-22","https://www.youtube.com/watch?v=Wg_vmh1zA6U"
"EuroEyes Deutschland","Wissenschaftler sieht endlich ohne Brille klar und scharf – ICL-OP bei EuroEyes Berlin!","","2025-10-09","youtube","euroeyes","2025-10-09","https://www.youtube.com/watch?v=n_j7iROqEzk"
"EuroEyes Deutschland","WOW-Effekt mit EuroEyes-Trifokallinsen 🤩 Intensiv-Krankenschwester ist begeistert!","","2026-07-08","youtube_shorts","euroeyes","2026-07-08","https://www.youtube.com/watch?v=y-t3NI5WRaQ"
"EuroEyes Deutschland","WOW-Effekt mit EuroEyes-Trifokallinsen 🤩 Intensiv-Krankenschwester ist begeistert!","","2026-07-08","youtube","euroeyes","2026-07-08","https://www.youtube.com/watch?v=GGWbbD7pblM"
"EuroEyes Deutschland","Wurde Ihnen gesagt, dass Sie nicht für eine Laser-Augenoperation geei...","","2026-07-09","tiktok","euroeyes_augenlasern","2026-07-09","https://www.tiktok.com/@euroeyes_augenlasern/video/7660562866084384033"
"EuroEyes Deutschland","Wurde Ihnen gesagt, dass Sie nicht für eine Laser-Augenoperation geeignet sind? 👁️","","2026-07-09","instagram","euroeyes_deutschland","2026-07-09","https://www.instagram.com/p/DalBe3olXTM/"
"Frankie Mardell - Trilogy Jewellers","BILLIONAIRES are buying these today?! 😳","","2026-07-16","instagram","trilogyjewellers","2026-07-16","https://www.instagram.com/p/Da2ho9mM7ew/"
"Frankie Mardell - Trilogy Jewellers","EBAY live £1 start highlights - a White Gold submariner for £1?","","2026-07-23","instagram","trilogyjewellers","2026-07-23","https://www.instagram.com/p/DbI4BNviXEj/"
"Frankie Mardell - Trilogy Jewellers","Have I gone crazy? That’s what my accountant asked; we put over £200,000 worth of luxury watches up for auction start…","","2026-08-07","instagram","trilogyjewellers","2026-08-07","https://www.instagram.com/p/DbtdYqKIN0V/"
"Frankie Mardell - Trilogy Jewellers","Inside The New 2026 Collections: Angelus & Arnold & Son With The Designer","","2026-07-23","youtube","frankiemardell-trilogy","2026-07-23","https://www.youtube.com/watch?v=5SGCQ8S5pSs"
"Frankie Mardell - Trilogy Jewellers","Vini has got really good taste!⌚✨⁠","","2026-08-07","instagram","trilogyjewellers","2026-08-07","https://www.instagram.com/p/DbviWNGjXhE/"
"Frankie Mardell - Trilogy Jewellers","Watches & Wonders 2026: Frankie & Antoni Break Down Every Major Drop","","2026-07-28","youtube","frankiemardell-trilogy","2026-07-28","https://www.youtube.com/watch?v=x1ODHrsOAjw"
"Ohana Development","A trip to remember!","","2026-02-03","instagram","ohana_development","2026-02-03","https://www.instagram.com/p/DUSTdskE_e1/"
"Ohana Development","Manchester City Yas Residences by Ohana - the first of its kind.","","2026-02-09","instagram","ohana_development","2026-02-09","https://www.instagram.com/p/DUirYGfE1yF/"
"Ohana Development","Manchester City Yas Residences by Ohana; Built for Greatness.","","2026-02-05","instagram","ohana_development","2026-02-05","https://www.instagram.com/p/DUYU9aoE7hc/"
"Ohana Development","The second a life was changed.","","2026-07-23","instagram","ohana_development","2026-07-23","https://www.instagram.com/p/DbI7a0TtMDH/"
"The Jet Business","@TheJetBusiness is now part of @Flexjet .This marks the beginning of an exciting new chapter!","","2026-07-24","youtube_shorts","thejetbusiness","2026-07-24","https://www.youtube.com/watch?v=jw2aSeiir3Q"
"The Jet Business","A day in the life of @SteveVarsano! #businessowner #privatejet #entrepreneur","","2023-07-22","instagram","thejetbusiness","2023-07-22","https://www.instagram.com/p/Cu_7WwJI084/"
"The Jet Business","A day in the life of Steve Varsano! #privatejet #businessowner #entrepreneur","","2023-07-22","tiktok","thejetbusiness","2023-07-22","https://www.tiktok.com/@thejetbusiness/video/7258611035152616731"
"The Jet Business","A young client of ours chosing his next aircraft! @European kid!","","2023-06-11","tiktok","thejetbusiness","2023-06-11","https://www.tiktok.com/@thejetbusiness/video/7243195703277800731"
"The Jet Business","Atlas Shrugged is one of the best books I’ve ever read, a life-changing story.","","2026-06-08","youtube_shorts","thejetbusiness","2026-06-08","https://www.youtube.com/watch?v=x5Oq85HB94g"
"The Jet Business","Big news. ✈️ @TheJetBusiness is now part of @Flexjetllc. This marks t...","","2026-07-24","tiktok","thejetbusiness","2026-07-24","https://www.tiktok.com/@thejetbusiness/video/7665879721195949334"
"The Jet Business","Big news. ✈️","","2026-07-24","instagram","thejetbusiness","2026-07-24","https://www.instagram.com/p/DbJay2GxFbh/"
"The Jet Business","Buying a private jet? Don’t forget about this. 👀✈️","","2026-08-25","instagram","thejetbusiness","2026-08-25","https://www.instagram.com/p/DccRDmqs1hW/"
"The Jet Business","Buying a private jet? Don’t forget about this. 👀✈️","","2026-08-25","youtube_shorts","thejetbusiness","2026-08-25","https://www.youtube.com/watch?v=R0YRf0nWEw4"
"The Jet Business","Don't live by excuses, live by delivering.","","2026-06-21","youtube_shorts","thejetbusiness","2026-06-21","https://www.youtube.com/watch?v=YyXw6z3WUMQ"
"The Jet Business","Happy and proud of my good friend Tony Robbins on his new book launch. Don’t miss it!","","2026-05-27","youtube_shorts","thejetbusiness","2026-05-27","https://www.youtube.com/watch?v=EAvfLLZk1t0"
"The Jet Business","Happy to recommend “We Are as Gods” by my good friends Peter Diamandis and Steven Kotler.","","2026-05-30","youtube_shorts","thejetbusiness","2026-05-30","https://www.youtube.com/watch?v=KGVOiwba6gA"
"The Jet Business","How big is the private jet market in Asia? 👀✈️","","2026-08-16","instagram","thejetbusiness","2026-08-16","https://www.instagram.com/p/DcFM9xYs4uh/"
"The Jet Business","How big is the private jet market in Asia? 👀✈️","","2026-08-16","youtube_shorts","thejetbusiness","2026-08-16","https://www.youtube.com/watch?v=kgexit7JaUA"
"The Jet Business","How the video wall works.","","2026-06-13","youtube_shorts","thejetbusiness","2026-06-13","https://www.youtube.com/watch?v=D_ubro-OuZ0"
"The Jet Business","How to buy a $25,000,000 corporate jet 👀🛩️","","2026-08-13","instagram","thejetbusiness","2026-08-13","https://www.instagram.com/p/Db9aV8OMx3E/"
"The Jet Business","How to buy a $25,000,000 corporate jet 👀🛩️","","2026-08-13","tiktok","thejetbusiness","2026-08-13","https://www.tiktok.com/@thejetbusiness/video/7673303304532806934"
"The Jet Business","How to buy a $25,000,000 corporate jet 👀🛩️","","2026-08-13","youtube_shorts","thejetbusiness","2026-08-13","https://www.youtube.com/watch?v=1JyE72paX1A"
"The Jet Business","How to network better.","","2026-06-26","instagram","thejetbusiness","2026-06-26","https://www.instagram.com/p/DaB3VGGMKZG/"
"The Jet Business","How to network better.","","2026-06-26","youtube_shorts","thejetbusiness","2026-06-26","https://www.youtube.com/watch?v=LXKSK6wOidM"
"The Jet Business","How to sell a $4,000,000 corporate jet.","","2026-06-23","instagram","thejetbusiness","2026-06-23","https://www.instagram.com/p/DZ6CII1M7Vy/"
"The Jet Business","How to sell a $4,000,000 corporate jet.","","2026-06-23","youtube_shorts","thejetbusiness","2026-06-23","https://www.youtube.com/watch?v=2YPm0s5yEA8"
"The Jet Business","How we achieve data-driven excellence in corporate jet sales.🛩️","","2026-07-21","instagram","thejetbusiness","2026-07-21","https://www.instagram.com/p/DbCIMjYsytb/"
"The Jet Business","How we achieve data-driven excellence in corporate jet sales.🛩️","","2026-07-21","tiktok","thejetbusiness","2026-07-21","https://www.tiktok.com/@thejetbusiness/video/7664758399766383875"
"The Jet Business","How we achieve data-driven excellence in corporate jet sales.🛩️","","2026-07-21","youtube_shorts","thejetbusiness","2026-07-21","https://www.youtube.com/watch?v=DUCIKKJp2TE"
"The Jet Business","If you want more, work harder.","","2026-06-16","youtube_shorts","thejetbusiness","2026-06-16","https://www.youtube.com/watch?v=BC_ZaHvv01U"
"The Jet Business","Longest time to sell a corporate jet🛩️👀","","2026-07-26","instagram","thejetbusiness","2026-07-26","https://www.instagram.com/p/DbO4qvcA8Pm/"
"The Jet Business","Longest time to sell a corporate jet🛩️👀","","2026-07-26","tiktok","thejetbusiness","2026-07-26","https://www.tiktok.com/@thejetbusiness/video/7666596519121784086"
"The Jet Business","Longest time to sell a corporate jet🛩️👀","","2026-07-26","youtube_shorts","thejetbusiness","2026-07-26","https://www.youtube.com/watch?v=RRfOAyW0gAs"
"The Jet Business","Not everyone who wants a private jet is a real buyer. 👀✈️","","2026-08-27","instagram","thejetbusiness","2026-08-27","https://www.instagram.com/p/Dchcg6Zsxnh/"
"The Jet Business","Not everyone who wants a private jet is a real buyer. 👀✈️","","2026-08-27","youtube_shorts","thejetbusiness","2026-08-27","https://www.youtube.com/watch?v=UKZha99IJjc"
"The Jet Business","Reacting ""5 Private Jet Secrets Only Rich People Know""👀","","2026-07-28","instagram","thejetbusiness","2026-07-28","https://www.instagram.com/p/DbWLtpBA1JI/"
"The Jet Business","Reacting ""5 Private Jet Secrets Only Rich People Know""👀","","2026-07-29","tiktok","thejetbusiness","2026-07-29","https://www.tiktok.com/@thejetbusiness/video/7667671331751709974"
"The Jet Business","Reacting ""5 Private Jet Secrets Only Rich People Know""👀","","2026-07-29","youtube_shorts","thejetbusiness","2026-07-29","https://www.youtube.com/watch?v=qu8kpWisQBM"
"The Jet Business","Reacting to Koenigsegg's closed-wing patent.👀","","2026-08-04","instagram","thejetbusiness","2026-08-04","https://www.instagram.com/p/DblwWlKRUmu/"
"The Jet Business","Reacting to Koenigsegg's closed-wing patent.👀","","2026-08-04","tiktok","thejetbusiness","2026-08-04","https://www.tiktok.com/@thejetbusiness/video/7669894110395878678"
"The Jet Business","Reacting to Koenigsegg's closed-wing patent.👀","","2026-08-04","youtube_shorts","thejetbusiness","2026-08-04","https://www.youtube.com/watch?v=WtFrrO8SvTE"
"The Jet Business","Same look, completely different price tags. Here’s why. ✈️","","2026-08-11","tiktok","thejetbusiness","2026-08-11","https://www.tiktok.com/@thejetbusiness/video/7672516373829995798"
"The Jet Business","Same look, completely different price tags. Here’s why. ✈️","","2026-08-11","youtube_shorts","thejetbusiness","2026-08-11","https://www.youtube.com/watch?v=ty1jgO5T5F0"
"The Jet Business","Sharing some insights on negotiation tactics used when selling corporate jets.","","2026-06-06","youtube_shorts","thejetbusiness","2026-06-06","https://www.youtube.com/watch?v=qj-bCVEaxko"
"The Jet Business","Strategic chartering is one of the smartest ways private jet owners o...","","2026-07-19","tiktok","thejetbusiness","2026-07-19","https://www.tiktok.com/@thejetbusiness/video/7664122687735811350"
"The Jet Business","Strategic chartering is one of the smartest ways private jet owners offset the cost of ownership. ✈️","","2026-07-19","instagram","thejetbusiness","2026-07-19","https://www.instagram.com/p/Da9uLWAstVe/"
"The Jet Business","Strategic chartering is one of the smartest ways private jet owners offset the cost of ownership. ✈️","","2026-07-19","youtube_shorts","thejetbusiness","2026-07-19","https://www.youtube.com/watch?v=EcAAmQII-9c"
"The Jet Business","The first jet I ever sold in my life, I was held at gunpoint, 3 feet away from me!","","2023-06-14","instagram","thejetbusiness","2023-06-14","https://www.instagram.com/p/CtccXmIoFpc/"
"The Jet Business","The quickest corporate jet deal 🤝🛩️","","2026-08-07","instagram","thejetbusiness","2026-08-07","https://www.instagram.com/p/DbthkgQxvpD/"
"The Jet Business","The quickest corporate jet deal 🤝🛩️","","2026-08-07","tiktok","thejetbusiness","2026-08-07","https://www.tiktok.com/@thejetbusiness/video/7671013547131817238"
"The Jet Business","The quickest corporate jet deal 🤝🛩️","","2026-08-07","youtube_shorts","thejetbusiness","2026-08-07","https://www.youtube.com/watch?v=Q6w29LCIz04"
"The Jet Business","The story of my first ever jet sale.","","2026-06-02","youtube_shorts","thejetbusiness","2026-06-02","https://www.youtube.com/watch?v=ssGNFlTQEjc"
"The Jet Business","Touring a $50,000,000 corporate jet!","","2026-07-10","instagram","thejetbusiness","2026-07-10","https://www.instagram.com/p/Dal_ZLPMu5a/"
"The Jet Business","Touring a $50,000,000 corporate jet!","","2026-07-10","tiktok","thejetbusiness","2026-07-10","https://www.tiktok.com/@thejetbusiness/video/7660703072934513942"
"The Jet Business","Touring a $50,000,000 corporate jet!","","2026-07-10","youtube_shorts","thejetbusiness","2026-07-10","https://www.youtube.com/watch?v=DEuqrU7q9Rc"
"The Jet Business","Touring a $60,000,000 corporate jet!","","2026-05-28","youtube_shorts","thejetbusiness","2026-05-28","https://www.youtube.com/watch?v=E27rbLH-Elc"
"The Jet Business","Underpromise, but overdeliver!","","2026-06-19","youtube_shorts","thejetbusiness","2026-06-19","https://www.youtube.com/watch?v=U-WuYdoDy5w"
"The Jet Business","What do the numbers on corporate jets mean?🛩️👀","","2026-08-01","instagram","thejetbusiness","2026-08-01","https://www.instagram.com/p/DbeDb2iRR1V/"
"The Jet Business","What do the numbers on corporate jets mean?🛩️👀","","2026-08-01","tiktok","thejetbusiness","2026-08-01","https://www.tiktok.com/@thejetbusiness/video/7668782264041491734"
"The Jet Business","What do the numbers on corporate jets mean?🛩️👀","","2026-08-01","youtube_shorts","thejetbusiness","2026-08-01","https://www.youtube.com/watch?v=3OwjXzK2Uig"
"The Jet Business","What does it REALLY cost to own a $15M private jet? 👀✈️","","2026-08-19","instagram","thejetbusiness","2026-08-19","https://www.instagram.com/p/DcMnTk8AwpH/"
"The Jet Business","What does it REALLY cost to own a $15M private jet? 👀✈️","","2026-08-19","youtube_shorts","thejetbusiness","2026-08-19","https://www.youtube.com/watch?v=gDw0saCDa7w"
"The Jet Business","What is a high-performance takeoff?","","2026-05-23","youtube_shorts","thejetbusiness","2026-05-23","https://www.youtube.com/watch?v=ealHy50xGIg"
"The Jet Business","What’s a better name than ""eVTOL"" or ""flying car""? Comment your best ...","","2026-07-04","tiktok","thejetbusiness","2026-07-04","https://www.tiktok.com/@thejetbusiness/video/7658390675590745366"
"The Jet Business","What’s a better name than ""eVTOL"" or ""flying car""?","","2026-07-04","instagram","thejetbusiness","2026-07-04","https://www.instagram.com/p/DaV79nSRPmq/"
"The Jet Business","What’s a better name than ""eVTOL"" or ""flying car""?","","2026-07-04","youtube_shorts","thejetbusiness","2026-07-04","https://www.youtube.com/watch?v=6KFDvM4xWBo"
"The Jet Business","Where does the principal of a corporate jet sit?","","2026-05-25","youtube_shorts","thejetbusiness","2026-05-25","https://www.youtube.com/watch?v=3mG5AduZ-OY"
"The Jet Business","Why are corporate jets so hard to buy right now? 👀✈️","","2026-08-31","instagram","thejetbusiness","2026-08-31","https://www.instagram.com/p/DcrySgCMYIf/"
"The Jet Business","Why are corporate jets so hard to buy right now? 👀✈️","","2026-08-31","youtube_shorts","thejetbusiness","2026-08-31","https://www.youtube.com/watch?v=iMqGv-W5DhY"
"The Jet Business","Why principals choose us.","","2026-07-07","tiktok","thejetbusiness","2026-07-07","https://www.tiktok.com/@thejetbusiness/video/7659562282057223446"
"The Jet Business","Why principals choose us.","","2026-07-07","youtube_shorts","thejetbusiness","2026-07-07","https://www.youtube.com/watch?v=-AiVPn4XGOE"
"The Jet Business","Why principals choose us","","2026-07-06","instagram","thejetbusiness","2026-07-06","https://www.instagram.com/p/DaddJb7AaFU/"
"The Jet Business","Would you fly in a private jet with NO windows? 👀✈️","","2026-08-22","youtube_shorts","thejetbusiness","2026-08-22","https://www.youtube.com/watch?v=vvfyWPtViUY"
"Tilted Needle Team","""whoa ok"" in 4 different ","","2026-08-06","tiktok","tiltedneedleteam","2026-08-06","https://www.tiktok.com/@tiltedneedleteam/video/7670695004490337538"
"Tilted Needle Team","""whoa ok"" in 4 different tones with our CFO👀","","2026-08-06","youtube_shorts","tiltedneedleteam","2026-08-06","https://www.youtube.com/watch?v=G2kBO2S6Z00"
"Tilted Needle Team","3 things we look for when we're hiring👀","","2026-08-08","instagram","tiltedneedleteam","2026-08-08","https://www.instagram.com/p/DbyzvTquQx0/"
"Tilted Needle Team","3 things we look for when we're hiring👀","","2026-08-09","tiktok","tiltedneedleteam","2026-08-09","https://www.tiktok.com/@tiltedneedleteam/video/7671774441650572547"
"Tilted Needle Team","3 things we look for when we're hiring👀","","2026-08-09","youtube_shorts","tiltedneedleteam","2026-08-09","https://www.youtube.com/watch?v=1Dfwc4q_mTo"
"Tilted Needle Team","7 countries in 1 month filming content🤯👀","","2026-07-10","youtube_shorts","tiltedneedleteam","2026-07-10","https://www.youtube.com/watch?v=-ZjbJ0bE2Q8"
"Tilted Needle Team","CFO guessing fizzy drinks👀","","2026-08-03","instagram","tiltedneedleteam","2026-08-03","https://www.instagram.com/p/Dbjl8L0qWbd/"
"Tilted Needle Team","CFO guessing fizzy drinks👀","","2026-08-03","tiktok","tiltedneedleteam","2026-08-03","https://www.tiktok.com/@tiltedneedleteam/video/7669579725651610902"
"Tilted Needle Team","CFO guessing fizzy drinks👀","","2026-08-03","youtube_shorts","tiltedneedleteam","2026-08-03","https://www.youtube.com/watch?v=OtNuZuwzgfU"
"Tilted Needle Team","Deliverooing Pret","","2026-08-08","tiktok","tiltedneedleteam","2026-08-08","https://www.tiktok.com/@tiltedneedleteam/video/7671454051149679874"
"Tilted Needle Team","Deliverooing Pret2 meters away👀","","2026-08-08","youtube_shorts","tiltedneedleteam","2026-08-08","https://www.youtube.com/watch?v=Mfy-O9WvdIU"
"Tilted Needle Team","Fired, Not Fired with our management👀","","2026-07-16","youtube_shorts","tiltedneedleteam","2026-07-16","https://www.youtube.com/watch?v=H1q2pUbo8OA"
"Tilted Needle Team","Fun Facts about our team👀","","2026-08-16","youtube_shorts","tiltedneedleteam","2026-08-16","https://www.youtube.com/watch?v=tkjB4NIE3uE"
"Tilted Needle Team","Gen Z Slang with our CFO👀","","2026-07-19","instagram","tiltedneedleteam","2026-07-19","https://www.instagram.com/p/Da9wEQvKgEd/"
"Tilted Needle Team","Gen Z Slang with our CFO👀","","2026-07-19","tiktok","tiltedneedleteam","2026-07-19","https://www.tiktok.com/@tiltedneedleteam/video/7664128294467538198"
"Tilted Needle Team","Gen Z Slang with our CFO👀","","2026-07-19","youtube_shorts","tiltedneedleteam","2026-07-19","https://www.youtube.com/watch?v=oh0UzZ925ZU"
"Tilted Needle Team","Giving away £10 to strangers in London👀","","2026-07-27","youtube_shorts","tiltedneedleteam","2026-07-27","https://www.youtube.com/watch?v=zk11BMZmWxQ"
"Tilted Needle Team","Giving away £50 to strangers💸👀","","2026-07-22","instagram","tiltedneedleteam","2026-07-22","https://www.instagram.com/p/DbGAII6u9DH/"
"Tilted Needle Team","Giving away £50 to strangers💸👀","","2026-07-22","youtube_shorts","tiltedneedleteam","2026-07-22","https://www.youtube.com/watch?v=5L4RSjVaYus"
"Tilted Needle Team","Giving away £50 to strangers💸👀","","2026-08-03","tiktok","tiltedneedleteam","2026-08-03","https://www.tiktok.com/@tiltedneedleteam/video/7669882010109889814"
"Tilted Needle Team","Giving away £50 to strangers💸👀","","2026-08-03","youtube_shorts","tiltedneedleteam","2026-08-03","https://www.youtube.com/watch?v=vGEorP0aLko"
"Tilted Needle Team","Giving money away to random strangers in London💸👀","","2026-07-09","youtube_shorts","tiltedneedleteam","2026-07-09","https://www.youtube.com/watch?v=KL0HKD8rDt8"
"Tilted Needle Team","Guessing Gatorade flavours😳👀","","2026-07-13","youtube_shorts","tiltedneedleteam","2026-07-13","https://www.youtube.com/watch?v=MtwgadlUJCs"
"Tilted Needle Team","Guessing the flavours of Gatorade🧐👀","","2026-07-05","tiktok","tiltedneedleteam","2026-07-05","https://www.tiktok.com/@tiltedneedleteam/video/7658796631277440278"
"Tilted Needle Team","Guessing the flavours😳👀","","2026-08-12","instagram","tiltedneedleteam","2026-08-12","https://www.instagram.com/p/Db9VwLyKSvv/"
"Tilted Needle Team","Guessing the flavours😳👀","","2026-08-13","tiktok","tiltedneedleteam","2026-08-13","https://www.tiktok.com/@tiltedneedleteam/video/7673289288255147286"
"Tilted Needle Team","Guessing the flavours😳👀","","2026-08-13","youtube_shorts","tiltedneedleteam","2026-08-13","https://www.youtube.com/watch?v=tE3aCDav7zM"
"Tilted Needle Team","Hello","","2026-08-08","instagram","tiltedneedleteam","2026-08-08","https://www.instagram.com/p/DbwlRRHot5p/"
"Tilted Needle Team","How many Coca-Colas can I get right?","","2026-07-27","youtube_shorts","tiltedneedleteam","2026-07-27","https://www.youtube.com/watch?v=M5m8shoBHZg"
"Tilted Needle Team","How Tilted Needle started👀","","2026-07-08","tiktok","tiltedneedleteam","2026-07-08","https://www.tiktok.com/@tiltedneedleteam/video/7659938142857874710"
"Tilted Needle Team","How Tilted Needle started👀","","2026-07-08","youtube_shorts","tiltedneedleteam","2026-07-08","https://www.youtube.com/watch?v=FXE3Zh7vbx0"
"Tilted Needle Team","How we are building the biggest market firm in the world🚀","","2026-08-22","youtube_shorts","tiltedneedleteam","2026-08-22","https://www.youtube.com/watch?v=MzYkvGQHvdk"
"Tilted Needle Team","How we are building the biggest marketing firm in the world🌍👀","","2026-08-25","youtube_shorts","tiltedneedleteam","2026-08-25","https://www.youtube.com/watch?v=wlo7dE5shV8"
"Tilted Needle Team","How we helped our clients generate over 1 Billion views on social media👀","","2026-06-26","youtube_shorts","tiltedneedleteam","2026-06-26","https://www.youtube.com/watch?v=WoWKcXnsxpo"
"Tilted Needle Team","I waited 1.5 hours for the CZER wrap in London👀","","2026-08-17","youtube_shorts","tiltedneedleteam","2026-08-17","https://www.youtube.com/watch?v=uP2Jg8A7h30"
"Tilted Needle Team","Lauryna Testing Drinks","","2026-07-25","instagram","tiltedneedleteam","2026-07-25","https://www.instagram.com/p/DbMZKJVqX0z/"
"Tilted Needle Team","Michelin star chef rates our lunch 🧑‍🍳😳","","2026-07-01","youtube_shorts","tiltedneedleteam","2026-07-01","https://www.youtube.com/watch?v=RGigyPrHguU"
"Tilted Needle Team","Milad testing Coca Colas","","2026-07-27","instagram","tiltedneedleteam","2026-07-27","https://www.instagram.com/p/DbRRpCEO-OU/"
"Tilted Needle Team","People don't trust ads anymore 🧐👀","","2026-08-10","instagram","tiltedneedleteam","2026-08-10","https://www.instagram.com/p/Db3uGC-Oi-n/"
"Tilted Needle Team","People don't trust ads anymore 🧐👀","","2026-08-11","tiktok","tiltedneedleteam","2026-08-11","https://www.tiktok.com/@tiltedneedleteam/video/7672482037651066134"
"Tilted Needle Team","People don't trust ads anymore 🧐👀","","2026-08-11","youtube_shorts","tiltedneedleteam","2026-08-11","https://www.youtube.com/watch?v=GcBLx5W3daQ"
"Tilted Needle Team","People don't want £20 for free🤯👀","","2026-07-14","instagram","tiltedneedleteam","2026-07-14","https://www.instagram.com/p/Dav93RwOE5P/"
"Tilted Needle Team","People don't want £20 for free🤯👀","","2026-07-14","youtube_shorts","tiltedneedleteam","2026-07-14","https://www.youtube.com/watch?v=YfSvazbTJLE"
"Tilted Needle Team","Possible/Not possible with our CFO👀","","2026-08-01","instagram","tiltedneedleteam","2026-08-01","https://www.instagram.com/p/DbeB6fiOS6u/"
"Tilted Needle Team","Possible/Not possible with our CFO👀","","2026-08-01","youtube_shorts","tiltedneedleteam","2026-08-01","https://www.youtube.com/watch?v=Io9Rg3JHG-M"
"Tilted Needle Team","Possible/Not possible","","2026-07-26","instagram","tiltedneedleteam","2026-07-26","https://www.instagram.com/p/DbO3jbvuXqC/"
"Tilted Needle Team","Possible/Not possible","","2026-07-26","tiktok","tiltedneedleteam","2026-07-26","https://www.tiktok.com/@tiltedneedleteam/video/7666593441924631830"
"Tilted Needle Team","Possible/Not possible","","2026-07-26","youtube_shorts","tiltedneedleteam","2026-07-26","https://www.youtube.com/watch?v=PFvJJUVjqKI"
"Tilted Needle Team","pov: you're making content on a Lamborghini yacht","","2026-07-02","tiktok","tiltedneedleteam","2026-07-02","https://www.tiktok.com/@tiltedneedleteam/video/7657735618125974806"
"Tilted Needle Team","pov: you're making content on a Lamborghini yacht","","2026-07-02","youtube_shorts","tiltedneedleteam","2026-07-02","https://www.youtube.com/watch?v=XNU5OUlVPWw"
"Tilted Needle Team","POV: you're trying to have a conversation on Bond street","","2026-06-27","youtube_shorts","tiltedneedleteam","2026-06-27","https://www.youtube.com/watch?v=KLS5n13XOiw"
"Tilted Needle Team","Snucking our friend into the zoo as a baby😳👀","","2026-07-07","youtube_shorts","tiltedneedleteam","2026-07-07","https://www.youtube.com/watch?v=C2PmC8cJFYU"
"Tilted Needle Team","Take it or double it?👀💸","","2026-08-02","instagram","tiltedneedleteam","2026-08-02","https://www.instagram.com/p/Dbgiva5uEjy/"
"Tilted Needle Team","Take it or double it?👀💸","","2026-08-02","tiktok","tiltedneedleteam","2026-08-02","https://www.tiktok.com/@tiltedneedleteam/video/7669141516807408919"
"Tilted Needle Team","Take it or double it?👀💸","","2026-08-02","youtube_shorts","tiltedneedleteam","2026-08-02","https://www.youtube.com/watch?v=uLdlnbrn67g"
"Tilted Needle Team","Testing the most basic and the most trendy coffee in London 🇬🇧","","2026-07-30","instagram","tiltedneedleteam","2026-07-30","https://www.instagram.com/p/DbZa6HrKoHS/"
"Tilted Needle Team","Testing the most basic and the most trendy coffee in London 🇬🇧","","2026-07-30","tiktok","tiltedneedleteam","2026-07-30","https://www.tiktok.com/@tiltedneedleteam/video/7668114239550278934"
"Tilted Needle Team","Testing the most basic and the most trendy coffee in London 🇬🇧","","2026-07-30","youtube_shorts","tiltedneedleteam","2026-07-30","https://www.youtube.com/watch?v=ALFLWyFw8H4"
"Tilted Needle Team","Testing the viral Cipriani Cake🇬🇧👀","","2026-08-24","youtube_shorts","tiltedneedleteam","2026-08-24","https://www.youtube.com/watch?v=fSuJcB_JvQ4"
"Tilted Needle Team","Testing the viral Cipriani cake🍰👀","","2026-08-24","instagram","tiltedneedleteam","2026-08-24","https://www.instagram.com/p/Dca2P3yOm0o/"
"Tilted Needle Team","Testing the viral Cipriani cake🍰👀","","2026-08-24","youtube_shorts","tiltedneedleteam","2026-08-24","https://www.youtube.com/watch?v=3nkAWN8XDfw"
"Tilted Needle Team","Testing UK fizzy drinks🇬🇧👀","","2026-07-25","youtube_shorts","tiltedneedleteam","2026-07-25","https://www.youtube.com/watch?v=6P8XpYiwutI"
"Tilted Needle Team","Think like a creator.👀","","2026-07-12","instagram","tiltedneedleteam","2026-07-12","https://www.instagram.com/p/Daq-PhtqCqZ/"
"Tilted Needle Team","Think like a creator.👀","","2026-07-12","tiktok","tiltedneedleteam","2026-07-12","https://www.tiktok.com/@tiltedneedleteam/video/7661420200138460438"
"Tilted Needle Team","Think like a creator.👀","","2026-07-12","youtube_shorts","tiltedneedleteam","2026-07-12","https://www.youtube.com/watch?v=eFgykVeu9aQ"
"Tilted Needle Team","Train or fire?👀","","2026-07-04","tiktok","tiltedneedleteam","2026-07-04","https://www.tiktok.com/@tiltedneedleteam/video/7658447466051767574"
"Tilted Needle Team","Train or fire?👀","","2026-07-04","youtube_shorts","tiltedneedleteam","2026-07-04","https://www.youtube.com/watch?v=QX7B8KMwkDU"
"Tilted Needle Team","Untitled","","2026-07-01","tiktok","tiltedneedleteam","2026-07-01","https://www.tiktok.com/@tiltedneedleteam/video/7657288049725820182"
"Tilted Needle Team","Untitled","","2026-07-01","tiktok","tiltedneedleteam","2026-07-01","https://www.tiktok.com/@tiltedneedleteam/video/7657322285359058198"
"Tilted Needle Team","Untitled","","2026-07-07","tiktok","tiltedneedleteam","2026-07-07","https://www.tiktok.com/@tiltedneedleteam/video/7659564857670241558"
"Tilted Needle Team","Untitled","","2026-07-10","instagram","tiltedneedleteam","2026-07-10","https://www.instagram.com/p/Dan06uiu9IJ/"
"Tilted Needle Team","Untitled","","2026-07-10","tiktok","tiltedneedleteam","2026-07-10","https://www.tiktok.com/@tiltedneedleteam/video/7660966944929107203"
"Tilted Needle Team","Untitled","","2026-07-13","instagram","tiltedneedleteam","2026-07-13","https://www.instagram.com/p/DatW00aOPhT/"
"Tilted Needle Team","Untitled","","2026-07-13","tiktok","tiltedneedleteam","2026-07-13","https://www.tiktok.com/@tiltedneedleteam/video/7661764119615294742"
"Tilted Needle Team","Untitled","","2026-07-16","instagram","tiltedneedleteam","2026-07-16","https://www.instagram.com/p/Da1EQOMOMKG/"
"Tilted Needle Team","Untitled","","2026-07-16","tiktok","tiltedneedleteam","2026-07-16","https://www.tiktok.com/@tiltedneedleteam/video/7662875712369528066"
"Tilted Needle Team","Untitled","","2026-07-18","instagram","tiltedneedleteam","2026-07-18","https://www.instagram.com/p/Da5-I6NOxWf/"
"Tilted Needle Team","Untitled","","2026-07-18","tiktok","tiltedneedleteam","2026-07-18","https://www.tiktok.com/@tiltedneedleteam/video/7663581479393348886"
"Tilted Needle Team","Untitled","","2026-07-25","tiktok","tiltedneedleteam","2026-07-25","https://www.tiktok.com/@tiltedneedleteam/video/7666237066291793174"
"Tilted Needle Team","Untitled","","2026-07-27","instagram","tiltedneedleteam","2026-07-27","https://www.instagram.com/p/DbTj0Y8u3dE/"
"Tilted Needle Team","Untitled","","2026-07-27","tiktok","tiltedneedleteam","2026-07-27","https://www.tiktok.com/@tiltedneedleteam/video/7666942758275353878"
"Tilted Needle Team","Untitled","","2026-07-27","tiktok","tiltedneedleteam","2026-07-27","https://www.tiktok.com/@tiltedneedleteam/video/7667272821776649494"
"Tilted Needle Team","Untitled","","2026-08-01","tiktok","tiltedneedleteam","2026-08-01","https://www.tiktok.com/@tiltedneedleteam/video/7668778150964366614"
"Tilted Needle Team","Untitled","","2026-08-03","instagram","tiltedneedleteam","2026-08-03","https://www.instagram.com/p/Dblqag3On2E/"
"Tilted Needle Team","Untitled","","2026-08-07","instagram","tiltedneedleteam","2026-08-07","https://www.instagram.com/p/DbvSM3Lu6WJ/"
"Tilted Needle Team","Untitled","","2026-08-16","instagram","tiltedneedleteam","2026-08-16","https://www.instagram.com/p/DcFKUnqqJZH/"
"Tilted Needle Team","Untitled","","2026-08-17","instagram","tiltedneedleteam","2026-08-17","https://www.instagram.com/p/DcH2CNgqJZB/"
"Tilted Needle Team","Untitled","","2026-08-25","instagram","tiltedneedleteam","2026-08-25","https://www.instagram.com/p/DccP5Z5ql1b/"
"Tilted Needle Team","Untitled","","2026-08-27","instagram","tiltedneedleteam","2026-08-27","https://www.instagram.com/p/DchfU5mKr_U/"
"Tilted Needle Team","We tried sneaking into the cinema 👀","","2026-07-18","youtube_shorts","tiltedneedleteam","2026-07-18","https://www.youtube.com/watch?v=SA-qj3XutTU"
"Tilted Needle Team","What are you wearing?","","2026-08-27","youtube_shorts","tiltedneedleteam","2026-08-27","https://www.youtube.com/watch?v=-QFP1SklLlA"
"Tilted Needle","@stevevarsano","","2025-12-26","instagram","tiltedneedle","2025-12-26","https://www.instagram.com/p/DStHhbjCP_z/"
"Tilted Needle","@The Jet Business @Steve Varsano","","2026-08-11","tiktok","tiltedneedle","2026-08-11","https://www.tiktok.com/@tiltedneedle/video/7672485819487178006"
"Tilted Needle","@thejetbusiness @stevevarsano","","2026-08-11","instagram","tiltedneedle","2026-08-11","https://www.instagram.com/p/Db3wG55o2oZ/"
"Tilted Needle","@thejetbusiness @stevevarsano","","2026-08-11","youtube_shorts","tiltedneedle","2026-08-11","https://www.youtube.com/watch?v=v3hxL4C3GRc"
"Tilted Needle","@TheJetBusiness","","2026-08-27","youtube_shorts","tiltedneedle","2026-08-27","https://www.youtube.com/watch?v=WPe64iptrYs"
"Tilted Needle","£3 vs £300 lunch 🇬🇧👀","","2026-07-25","tiktok","tiltedneedle","2026-07-25","https://www.tiktok.com/@tiltedneedle/video/7666239260315487510"
"Tilted Needle","£3 vs £300 lunch","","2026-06-30","youtube_shorts","tiltedneedle","2026-06-30","https://www.youtube.com/watch?v=ndcIuLarFQo"
"Tilted Needle","A video we made for our client @thejetbusiness","","2026-07-16","instagram","tiltedneedle","2026-07-16","https://www.instagram.com/p/Da1Cnv4owQF/"
"Tilted Needle","a week in the life at Tilted Needle","","2026-07-27","instagram","tiltedneedle","2026-07-27","https://www.instagram.com/p/DbTlLBRoSAD/"
"Tilted Needle","a week in the life at Tilted Needle","","2026-07-27","tiktok","tiltedneedle","2026-07-27","https://www.tiktok.com/@tiltedneedle/video/7667274703890910486"
"Tilted Needle","a week in the life at Tilted Needle","","2026-07-27","youtube_shorts","tiltedneedle","2026-07-27","https://www.youtube.com/watch?v=w01i_-g_jYs"
"Tilted Needle","Asking Steve Varsano: ""What was the longest time itself taken you to sell a private jet?""🛩️👀","","2026-07-31","youtube_shorts","tiltedneedle","2026-07-31","https://www.youtube.com/watch?v=TbMvsw1253Y"
"Tilted Needle","check out the final video on YouTube @early 👀","","2026-08-26","youtube_shorts","tiltedneedle","2026-08-26","https://www.youtube.com/watch?v=f_2N7Ukd9mI"
"Tilted Needle","Day in the life of a content producer👀","","2026-08-31","youtube_shorts","tiltedneedle","2026-08-31","https://www.youtube.com/watch?v=93f2iVn6rIc"
"Tilted Needle","Email to inquire!","","2024-06-24","tiktok","tiltedneedle","2024-06-24","https://www.tiktok.com/@tiltedneedle/video/7384120529826925857"
"Tilted Needle","Email to inquire!","","2024-07-24","tiktok","tiltedneedle","2024-07-24","https://www.tiktok.com/@tiltedneedle/video/7395266034065820960"
"Tilted Needle","filming with our client in Switzerland🇨🇭","","2026-08-02","instagram","tiltedneedle","2026-08-02","https://www.instagram.com/p/DbgjrDkoJ60/"
"Tilted Needle","filming with our client in Switzerland🇨🇭","","2026-08-02","tiktok","tiltedneedle","2026-08-02","https://www.tiktok.com/@tiltedneedle/video/7669143192146627862"
"Tilted Needle","filming with our client in Switzerland🇨🇭","","2026-08-02","youtube_shorts","tiltedneedle","2026-08-02","https://www.youtube.com/watch?v=Acqb4hPOQig"
"Tilted Needle","How we make content for the world's best interior designer!","","2026-08-22","youtube_shorts","tiltedneedle","2026-08-22","https://www.youtube.com/watch?v=yEN_FW-UsoA"
"Tilted Needle","how we started Youmi's YouTube channel","","2026-08-04","instagram","tiltedneedle","2026-08-04","https://www.instagram.com/p/DbltdMZIe4u/"
"Tilted Needle","how we started Youmi's YouTube channel","","2026-08-04","tiktok","tiltedneedle","2026-08-04","https://www.tiktok.com/@tiltedneedle/video/7669887637909458198"
"Tilted Needle","how we started Youmi's YouTube channel","","2026-08-04","youtube_shorts","tiltedneedle","2026-08-04","https://www.youtube.com/watch?v=VLc98MZRCqw"
"Tilted Needle","I nearly got fired for taking my boss to yoga","","2026-07-30","youtube_shorts","tiltedneedle","2026-07-30","https://www.youtube.com/watch?v=ZZk_Fz8jl1U"
"Tilted Needle","Michelin star chef rates our lunch😳","","2026-07-01","instagram","tiltedneedle","2026-07-01","https://www.instagram.com/p/DaOTIXboEph/"
"Tilted Needle","Michelin star chef rates our lunch😳","","2026-07-23","tiktok","tiltedneedle","2026-07-23","https://www.tiktok.com/@tiltedneedle/video/7665459339628514582"
"Tilted Needle","Michelin star chef rates our lunch😳","","2026-07-23","youtube_shorts","tiltedneedle","2026-07-23","https://www.youtube.com/watch?v=Dvn35lH9WRs"
"Tilted Needle","Testing Swiss Chocolate 🍫","","2026-08-07","youtube_shorts","tiltedneedle","2026-08-07","https://www.youtube.com/watch?v=O-eErgvlUYs"
"Tilted Needle","The story of The Jet Business 🛩️👀","","2026-08-25","youtube_shorts","tiltedneedle","2026-08-25","https://www.youtube.com/watch?v=d0t4mzQWfNc"
"Tilted Needle","This is what it’s like to spend a day with a billionaire","","2025-09-16","instagram","tiltedneedle","2025-09-16","https://www.instagram.com/p/DOpOUIniMMq/"
"Tilted Needle","Untitled","","2025-12-19","instagram","tiltedneedle","2025-12-19","https://www.instagram.com/p/DScpGgFCGB2/"
"Tilted Needle","Untitled","","2026-07-01","instagram","tiltedneedle","2026-07-01","https://www.instagram.com/p/DaQdidzI06L/"
"Tilted Needle","Untitled","","2026-07-07","instagram","tiltedneedle","2026-07-07","https://www.instagram.com/p/Daf5rbHoogQ/"
"Tilted Needle","Untitled","","2026-07-08","instagram","tiltedneedle","2026-07-08","https://www.instagram.com/p/DaieG_qIZPz/"
"Tilted Needle","Untitled","","2026-07-15","instagram","tiltedneedle","2026-07-15","https://www.instagram.com/p/DazsSGBoWeL/"
"Tilted Needle","Untitled","","2026-07-28","instagram","tiltedneedle","2026-07-28","https://www.instagram.com/p/DbVMWizI9Dw/"
"Tilted Needle","Untitled","","2026-07-30","tiktok","tiltedneedle","2026-07-30","https://www.tiktok.com/@tiltedneedle/video/7668113552799993110"
"Tilted Needle","Untitled","","2026-07-31","instagram","tiltedneedle","2026-07-31","https://www.instagram.com/p/Dbb3iYFokgB/"
"Tilted Needle","Untitled","","2026-07-31","tiktok","tiltedneedle","2026-07-31","https://www.tiktok.com/@tiltedneedle/video/7668467053069716758"
"Tilted Needle","Untitled","","2026-08-07","instagram","tiltedneedle","2026-08-07","https://www.instagram.com/p/Dbteo6oos9r/"
"Tilted Needle","Untitled","","2026-08-07","tiktok","tiltedneedle","2026-08-07","https://www.tiktok.com/@tiltedneedle/video/7671005669155179798"
"Tilted Needle","Untitled","","2026-08-27","instagram","tiltedneedle","2026-08-27","https://www.instagram.com/p/Dchea7eowrs/"
"Tilted Needle","Untitled","","2026-08-31","instagram","tiltedneedle","2026-08-31","https://www.instagram.com/p/DcrwH79oAAc/"
"Tilted Needle","What $50,000,000 worth of cars looks like👀","","2026-07-04","instagram","tiltedneedle","2026-07-04","https://www.instagram.com/p/DaWPRySI0ff/"
"Tilted Needle","What $50,000,000 worth of cars looks like👀","","2026-07-27","tiktok","tiltedneedle","2026-07-27","https://www.tiktok.com/@tiltedneedle/video/7666973960692583702"
"Tilted Needle","What $50,000,000 worth of cars looks like👀","","2026-07-27","youtube_shorts","tiltedneedle","2026-07-27","https://www.youtube.com/watch?v=tYJ-49YJtHM"
"yusufnik8","""Average Sunday"" running a short form content agency","","2025-12-25","youtube","yusufnik8","2025-12-25","https://www.youtube.com/watch?v=qD6ZiIZPi1A"
"yusufnik8","""Average Tuesday"" with Billionaires: Making Viral Content Around the World","","2025-12-18","youtube","yusufnik8","2025-12-18","https://www.youtube.com/watch?v=N-JaRfLwmyY"
"yusufnik8","@stevevarsano","","2025-12-26","instagram","yusufnik8","2025-12-26","https://www.instagram.com/p/DStHhbjCP_z/"
"yusufnik8","24 hours with one of the world's biggest influencers in Middle East👀","","2026-05-29","youtube_shorts","yusufnik8","2026-05-29","https://www.youtube.com/watch?v=vkI4v6xoY08"
"yusufnik8","A day in my life making content for billionaires 👀","","2026-05-26","youtube_shorts","yusufnik8","2026-05-26","https://www.youtube.com/watch?v=RM_rZ11eO3k"
"yusufnik8","BETTING STEVE VARSANO £1,000! (gone wrong)","","2025-12-29","youtube","yusufnik8","2025-12-29","https://www.youtube.com/watch?v=h6D5oqLUjFE"
"yusufnik8","Day in the life making content for billionaires","","2026-07-28","youtube_shorts","yusufnik8","2026-07-28","https://www.youtube.com/watch?v=NA-nT0SxVGw"
"yusufnik8","Day in the life of a content agency","","2026-01-10","youtube","yusufnik8","2026-01-10","https://www.youtube.com/watch?v=ltzwxUFDov8"
"yusufnik8","Day in the life of asocial media agency owner🚀","","2025-12-20","youtube","yusufnik8","2025-12-20","https://www.youtube.com/watch?v=ho4sjM5lfmI"
"yusufnik8","Doing door to door sales for my marketing business in London🤝","","2025-12-20","youtube","yusufnik8","2025-12-20","https://www.youtube.com/watch?v=1soQ4fxvmbo"
"yusufnik8","Filming clients for my short form content agency","","2025-12-23","youtube","yusufnik8","2025-12-23","https://www.youtube.com/watch?v=yATep4jjoF4"
"yusufnik8","Filming viral content on a $30,000,000 yacht🛥️","","2025-12-19","youtube","yusufnik8","2025-12-19","https://www.youtube.com/watch?v=T_DHMPkTwAc"
"yusufnik8","Filming with one of the world’s best interior designers👀","","2025-12-17","youtube","yusufnik8","2025-12-17","https://www.youtube.com/watch?v=8EI4JC1thqc"
"yusufnik8","Getting mentored by Steve Varsano, the world's most famous private jet broker🤝🛩️","","2026-05-30","youtube_shorts","yusufnik8","2026-05-30","https://www.youtube.com/watch?v=WVjW8A-cBAs"
"yusufnik8","Getting mentored by Steve Varsano, the world's most famous private jet broker🛩️👀","","2026-05-28","youtube_shorts","yusufnik8","2026-05-28","https://www.youtube.com/watch?v=KpP7jkL6OhY"
"yusufnik8","Had this smoothie while filming at our clients house👀","","2025-12-17","youtube","yusufnik8","2025-12-17","https://www.youtube.com/watch?v=tLF9tcGaZsg"
"yusufnik8","How I get the best possible content🤝","","2025-12-20","youtube","yusufnik8","2025-12-20","https://www.youtube.com/watch?v=4CRedZ8T748"
"yusufnik8","How I got Steve over 1,000,000+ subs🚀","","2025-12-18","youtube","yusufnik8","2025-12-18","https://www.youtube.com/watch?v=3OOH4UabKHw"
"yusufnik8","How I made a duke viral","","2026-06-12","youtube_shorts","yusufnik8","2026-06-12","https://www.youtube.com/watch?v=20o6M4zjgDk"
"yusufnik8","How I made a Duke viral👀🚀","","2026-06-16","youtube_shorts","yusufnik8","2026-06-16","https://www.youtube.com/watch?v=4k5YTFIlIWs"
"yusufnik8","How I make $450,000 a month making content for billionaires (short form content agency)","","2026-03-13","youtube","yusufnik8","2026-03-13","https://www.youtube.com/watch?v=oq9tFdjEnus"
"yusufnik8","How I make content for billionaires!","","2025-12-19","youtube","yusufnik8","2025-12-19","https://www.youtube.com/watch?v=G99InfPUlHg"
"yusufnik8","How I make content for billionaires","","2026-01-06","youtube","yusufnik8","2026-01-06","https://www.youtube.com/watch?v=3cwJauH3GM0"
"yusufnik8","How I make content for the Middle East's biggest influencer 👀","","2026-06-05","youtube_shorts","yusufnik8","2026-06-05","https://www.youtube.com/watch?v=qKHoFbqhti4"
"yusufnik8","How I make social media content for billionaires ￼","","2026-05-31","youtube_shorts","yusufnik8","2026-05-31","https://www.youtube.com/watch?v=58XRCGOt9ww"
"yusufnik8","How I make social media content for billionaires ￼","","2026-06-02","youtube_shorts","yusufnik8","2026-06-02","https://www.youtube.com/watch?v=zQHcPMUi7Ww"
"yusufnik8","How I scaled my content agency📈","","2025-12-17","youtube","yusufnik8","2025-12-17","https://www.youtube.com/watch?v=tIt1mO1PCvA"
"yusufnik8","How to open the doors in Italy🇮🇹🤌","","2025-12-20","youtube","yusufnik8","2025-12-20","https://www.youtube.com/watch?v=OPOvoCkRKxs"
"yusufnik8","How to run a content agency in Dubai","","2026-01-08","youtube","yusufnik8","2026-01-08","https://www.youtube.com/watch?v=NGYGKmE5WFo"
"yusufnik8","How we filmed a video that got over 50,000,000 views!","","2026-01-04","youtube","yusufnik8","2026-01-04","https://www.youtube.com/watch?v=aQhjiZ8A72k"
"yusufnik8","How we manage our team (as a social media agency)","","2025-12-18","youtube","yusufnik8","2025-12-18","https://www.youtube.com/watch?v=Li8antuiVEI"
"yusufnik8","I almost fell off from the yacht while filming ☠️😂","","2025-12-20","youtube","yusufnik8","2025-12-20","https://www.youtube.com/watch?v=DINMzClU074"
"yusufnik8","I spent the day with a billionaire doctor and this is what happened...","","2025-12-31","youtube","yusufnik8","2025-12-31","https://www.youtube.com/watch?v=WjYnNiHoB24"
"yusufnik8","Inside a $100k/Week Bali Villa","","2026-04-02","youtube","yusufnik8","2026-04-02","https://www.youtube.com/watch?v=kifBhL8nD9Q"
"yusufnik8","Meeting my bilionaire mentor🤝","","2026-06-17","youtube_shorts","yusufnik8","2026-06-17","https://www.youtube.com/watch?v=bbiXU2SP-W4"
"yusufnik8","Never forget where you came from and always give back.👀","","2026-06-18","youtube_shorts","yusufnik8","2026-06-18","https://www.youtube.com/watch?v=Pq8EJK2Qcbw"
"yusufnik8","Only £20,000 for a jacket😅💸","","2025-12-20","youtube","yusufnik8","2025-12-20","https://www.youtube.com/watch?v=bWCHrhhmXtc"
"yusufnik8","pov: you closed a deal with a 10-figure business leader by doing door-to-door sales","","2026-06-04","youtube_shorts","yusufnik8","2026-06-04","https://www.youtube.com/watch?v=IHRxeJZ8KSY"
"yusufnik8","pov: you make content for a 10 figure business leader","","2026-06-19","youtube_shorts","yusufnik8","2026-06-19","https://www.youtube.com/watch?v=p6gHErzUYD8"
"yusufnik8","POV: You're getting mentored by Steve Varsano👀","","2026-06-03","youtube_shorts","yusufnik8","2026-06-03","https://www.youtube.com/watch?v=T8NB8yEZn8g"
"yusufnik8","Pov: you're mentored by a 10 figure business leader","","2026-05-27","youtube_shorts","yusufnik8","2026-05-27","https://www.youtube.com/watch?v=-9c2EDYrElk"
"yusufnik8","Pov: you're mentored by a 10 figure business leader","","2026-06-13","youtube_shorts","yusufnik8","2026-06-13","https://www.youtube.com/watch?v=e1AuO7bGyOo"
"yusufnik8","POV: you're mentored by the world's most famous private jet broker","","2026-06-14","tiktok","yusufnik8","2026-06-14","https://www.tiktok.com/@yusufnik8/video/7651032977241083159"
"yusufnik8","POV: you're mentored by the world's most famous private jet broker","","2026-06-14","youtube_shorts","yusufnik8","2026-06-14","https://www.youtube.com/watch?v=920ZSH8nL44"
"yusufnik8","PRANKING STEVE VARSANO (gone wrong)","","2026-01-02","youtube","yusufnik8","2026-01-02","https://www.youtube.com/watch?v=rQj1iuAy_E4"
"yusufnik8","Running a seven figure content agency: Day in the life","","2025-12-21","youtube","yusufnik8","2025-12-21","https://www.youtube.com/watch?v=Qqsu6r3l5Xo"
"yusufnik8","Shooting Content at Dubai Watch Week!","","2025-12-27","youtube","yusufnik8","2025-12-27","https://www.youtube.com/watch?v=rNk2XKH1ovE"
"yusufnik8","Shooting the World's Most Exclusive Hypercar Rally in Italy","","2025-12-17","youtube","yusufnik8","2025-12-17","https://www.youtube.com/watch?v=PvEZs1e9WMs"
"yusufnik8","Spending the day with my billionaire mentor in Hamburg👀","","2026-06-30","youtube_shorts","yusufnik8","2026-06-30","https://www.youtube.com/watch?v=LjebP6aKMEk"
"yusufnik8","Steve Varsano shares what it's like to negotiate with billionaires","","2026-04-07","youtube","yusufnik8","2026-04-07","https://www.youtube.com/watch?v=bI7roCaqKs4"
"yusufnik8","This is what happens when you make viral content for entrepreneurs 😉","","2025-12-20","youtube","yusufnik8","2025-12-20","https://www.youtube.com/watch?v=J06CGC6KY0A"
"yusufnik8","This is what it’s like to spend a day with a billionaire","","2025-09-16","instagram","yusufnik8","2025-09-16","https://www.instagram.com/p/DOpOUIniMMq/"
"yusufnik8","Touring a £2,000,000,000 building with my billionaire mentor","","2026-06-20","youtube_shorts","yusufnik8","2026-06-20","https://www.youtube.com/watch?v=QNmR60kGafM"
"yusufnik8","Untitled","","2026-05-29","instagram","yusufnik8","2026-05-29","https://www.instagram.com/p/DY5wFX_oerN/"
"yusufnik8","Untitled","","2026-06-04","tiktok","yusufnik8","2026-06-04","https://www.tiktok.com/@yusufnik8/video/7647319312772009239"
"yusufnik8","Untitled","","2026-06-05","tiktok","yusufnik8","2026-06-05","https://www.tiktok.com/@yusufnik8/video/7647685299409046806"
"yusufnik8","Untitled","","2026-06-12","tiktok","yusufnik8","2026-06-12","https://www.tiktok.com/@yusufnik8/video/7650253087990402326"
"yusufnik8","Untitled","","2026-06-13","tiktok","yusufnik8","2026-06-13","https://www.tiktok.com/@yusufnik8/video/7650617734715362582"
"yusufnik8","Untitled","","2026-06-15","instagram","yusufnik8","2026-06-15","https://www.instagram.com/p/DZlKAbfoaxn/"
"yusufnik8","Untitled","","2026-06-15","tiktok","yusufnik8","2026-06-15","https://www.tiktok.com/@yusufnik8/video/7651366400669338902"
"yusufnik8","Untitled","","2026-06-16","instagram","yusufnik8","2026-06-16","https://www.instagram.com/p/DZn8ODFIKHa/"
"yusufnik8","Untitled","","2026-06-17","instagram","yusufnik8","2026-06-17","https://www.instagram.com/p/DZqs94OIUAV/"
"yusufnik8","Untitled","","2026-06-17","tiktok","yusufnik8","2026-06-17","https://www.tiktok.com/@yusufnik8/video/7652158404634496278"
"yusufnik8","Untitled","","2026-06-18","instagram","yusufnik8","2026-06-18","https://www.instagram.com/p/DZtSCkfo2oD/"
"yusufnik8","Untitled","","2026-06-18","tiktok","yusufnik8","2026-06-18","https://www.tiktok.com/@yusufnik8/video/7652529405364833558"
"yusufnik8","Untitled","","2026-06-19","instagram","yusufnik8","2026-06-19","https://www.instagram.com/p/DZvzzASosbr/"
"yusufnik8","Untitled","","2026-06-19","tiktok","yusufnik8","2026-06-19","https://www.tiktok.com/@yusufnik8/video/7652894281832647958"
"yusufnik8","Untitled","","2026-06-20","instagram","yusufnik8","2026-06-20","https://www.instagram.com/p/DZyWu6docyS/"
"yusufnik8","Untitled","","2026-06-20","tiktok","yusufnik8","2026-06-20","https://www.tiktok.com/@yusufnik8/video/7653260804870901014"
"yusufnik8","Untitled","","2026-06-30","instagram","yusufnik8","2026-06-30","https://www.instagram.com/p/DaMPEjQuDVp/"
"yusufnik8","Untitled","","2026-07-27","instagram","yusufnik8","2026-07-27","https://www.instagram.com/p/DbRhSWDIpgt/"
"yusufnik8","Untitled","","2026-07-27","tiktok","yusufnik8","2026-07-27","https://www.tiktok.com/@yusufnik8/video/7666977389511019798"
"yusufnik8","Untitled","","2026-07-28","instagram","yusufnik8","2026-07-28","https://www.instagram.com/p/DbVMWizI9Dw/"
"yusufnik8","Untitled","","2026-07-31","instagram","yusufnik8","2026-07-31","https://www.instagram.com/p/Dbb7KeboePX/"
"yusufnik8","Untitled","","2026-07-31","tiktok","yusufnik8","2026-07-31","https://www.tiktok.com/@yusufnik8/video/7668477400501587222"
"yusufnik8","What each client has taught me👀","","2026-07-31","youtube_shorts","yusufnik8","2026-07-31","https://www.youtube.com/watch?v=YDtP0phrDkA"
"yusufnik8","What I realised making content for billionaires 👀","","2026-07-27","youtube_shorts","yusufnik8","2026-07-27","https://www.youtube.com/watch?v=huu6F9k-VjM"
"yusufnik8","Working even on the go👀","","2025-12-19","youtube","yusufnik8","2025-12-19","https://www.youtube.com/watch?v=IWvdFGcz3-4"
client,title,subject,produced_at,platform,handle,posted_at,url
